Workbook

Sheet 조사개요
B2: 조사명: | C2: 퍼시스_직장인 사무 환경 조사 _최종본_23.10
B4: 기본 개요
B5: 응답 시작 | C5: 2023년 10월 11일 오후 7시 5분 23초
B6: 응답 종료 | C6: 2023년 10월 17일 오후 2시 9분 5초
B7: 문항 수 | C7: 97 문항
B8: 응답 수 | C8: 1000
B9: 표본 오차 | C9: ±2.03%P *(80% 신뢰수준)
B10: 데이터 수집 방법 | C10: 오픈서베이 패널 (모바일 애플리케이션을 통한 응답 수집) * 오픈서베이는 표집 상의 비율 할당 여부에 따라 단순임의추출 또는 층화임의추출 방식을 활용합니다.
B11: 웹 결과 | C11: =HYPERLINK("https://openanalytics.opensurvey.co.kr/surveys/223708?shareKey=bJbhN7yVzESm&lang=ko", "바로 가기")
B12: * 웹결과의 공유키가 만료상태이면 파일을 다시 다운로드 받아주세요

Sheet 목차(Contents)
B2: 목차(Contents)
B4: 번호 | C4: 문항 유형 | D4: 문항 정보 | E4: 이동
B5: sex | C5: 객관식 단일 | D5: 성별 | E5: =HYPERLINK("#"&"'교차분석표(Cross Table)'!B"&MATCH(B5,'교차분석표(Cross Table)'!B:B,0),"Go") -> 0
B6: age | C6: 주관식 숫자 | D6: 나이 | E6: =HYPERLINK("#"&"'교차분석표(Cross Table)'!B"&MATCH(B6,'교차분석표(Cross Table)'!B:B,0),"Go") -> 0
B7: age_10 | C7: 객관식 단일 | D7: 나이(10세 단위) | E7: =HYPERLINK("#"&"'교차분석표(Cross Table)'!B"&MATCH(B7,'교차분석표(Cross Table)'!B:B,0),"Go") -> 0
B8: age_5 | C8: 객관식 단일 | D8: 나이(5세 단위) | E8: =HYPERLINK("#"&"'교차분석표(Cross Table)'!B"&MATCH(B8,'교차분석표(Cross Table)'!B:B,0),"Go") -> 0
B9: area | C9: 객관식 단일 | D9: 지역 | E9: =HYPERLINK("#"&"'교차분석표(Cross Table)'!B"&MATCH(B9,'교차분석표(Cross Table)'!B:B,0),"Go") -> 0
B10: area_group | C10: 객관식 단일 | D10: 지역그룹 | E10: =HYPERLINK("#"&"'교차분석표(Cross Table)'!B"&MATCH(B10,'교차분석표(Cross Table)'!B:B,0),"Go") -> 0
B11: life_style_age | C11: 객관식 단일 | D11: 라이프스타일 나이 | E11: =HYPERLINK("#"&"'교차분석표(Cross Table)'!B"&MATCH(B11,'교차분석표(Cross Table)'!B:B,0),"Go") -> 0
B12: area_capital | C12: 객관식 단일 | D12: 수도권/비수도권 | E12: =HYPERLINK("#"&"'교차분석표(Cross Table)'!B"&MATCH(B12,'교차분석표(Cross Table)'!B:B,0),"Go") -> 0
B13: sex_age_10 | C13: 객관식 단일 | D13: 성별 x 나이(10세) | E13: =HYPERLINK("#"&"'교차분석표(Cross Table)'!B"&MATCH(B13,'교차분석표(Cross Table)'!B:B,0),"Go") -> 0
B14: sex_age_5 | C14: 객관식 단일 | D14: 성별 x 나이(5세) | E14: =HYPERLINK("#"&"'교차분석표(Cross Table)'!B"&MATCH(B14,'교차분석표(Cross Table)'!B:B,0),"Go") -> 0
B15: sex_life_style_age | C15: 객관식 단일 | D15: 성별 x 라이프스타일 나이 | E15: =HYPERLINK("#"&"'교차분석표(Cross Table)'!B"&MATCH(B15,'교차분석표(Cross Table)'!B:B,0),"Go") -> 0
B16: Q1 | C16: 객관식 단일 | D16: 지금부터 패널 분들께 직장 내/외 사무환경에 대한 질문을 드릴 예정입니다. 먼저 문화적 환경의 세부 내용 중 ‘제도적 장치’에 관해 질문을 드리겠습니다. 질문을 잘 읽고 응답해주시기 바랍니다. | E16: =HYPERLINK("#"&"'교차분석표(Cross Table)'!B"&MATCH(B16,'교차분석표(Cross Table)'!B:B,0),"Go") -> 0
... B112: NQ4 | C112: 주관식 숫자 | D112: ‘오피스 외 다른 곳에서 일하는 원격근무’가 가능할 때, 오피스 출근일은 일주일에 며칠이 적당하다고 생각하시나요? | E112: =HYPERLINK("#"&"'교차분석표(Cross Table)'!B"&MATCH(B112,'교차분석표(Cross Table)'!B:B,0),"Go") -> 0

Sheet 교차분석표(Cross Table)
B3: sex | C3: 성별
C5: 번호 | D5: 답안 | E5: 총 | F5: sex. 성별 | H5: age_10. 나이(10세 단위)
F6: 남 | G6: 여 | H6: 10대 | I6: 20대 | J6: 30대 | K6: 40대 | L6: 50대 | M6: 60대 이상
C7: (단위: %) | D7: 총 응답 수 | E7: 1000 | F7: 500 | G7: 500 | H7: - | I7: 239 | J7: 296 | K7: 265 | L7: 200 | M7: -
C8: 1 | D8: 남 | E8: 50.0 | F8: 100.0 | G8: - | H8: - | I8: 44.4 | J8: 46.6 | K8: 52.5 | L8: 58.5 | M8: -
C9: 2 | D9: 여 | E9: 50.0 | F9: - | G9: 100.0 | H9: - | I9: 55.6 | J9: 53.4 | K9: 47.5 | L9: 41.5 | M9: -
D10: 총합 | E10: 100 | F10: 100 | G10: 100 | H10: - | I10: 100 | J10: 100 | K10: 100 | L10: 100 | M10: -
B13: age | C13: 나이
C15: 답안 | E15: 총 | F15: sex. 성별 | H15: age_10. 나이(10세 단위)
F16: 남 | G16: 여 | H16: 10대 | I16: 20대 | J16: 30대 | K16: 40대 | L16: 50대 | M16: 60대 이상
D17: 총 응답 수 | E17: 1000 | F17: 500 | G17: 500 | H17: - | I17: 239 | J17: 296 | K17: 265 | L17: 200 | M17: -
D18: 평균 | E18: 38.79 | F18: 39.87 | G18: 37.70 | H18: - | I18: 26.95 | J18: 34.40 | K18: 43.63 | L18: 53.00 | M18: -
D19: 표준편차 | E19: 9.5969 | F19: 9.7225 | G19: 9.3545 | H19: - | I19: 1.7578 | J19: 2.7142 | K19: 2.7576 | L19: 2.5401 | M19: -
D20: 최빈값 | E20: 29 | F20: 42 | G20: 29 | H20: - | I20: 29 | J20: 34 | K20: 42 | L20: 51 | M20: -
D21: 중앙값 | E21: 38 | F21: 40 | G21: 36 | H21: - | I21: 27 | J21: 34 | K21: 43 | L21: 52 | M21: -
D22: 최소값 | E22: 20 | F22: 20 | G22: 21 | H22: - | I22: 20 | J22: 30 | K22: 40 | L22: 50 | M22: -
D23: 최대값 | E23: 59 | F23: 59 | G23: 59 | H23: - | I23: 29 | J23: 39 | K23: 49 | L23: 59 | M23: -
D24: Percentile30 | E24: 32 | F24: 33 | G24: 30 | H24: - | I24: 26 | J24: 33 | K24: 42 | L24: 51 | M24: -
D25: Percentile70 | E25: 44 | F25: 46 | G25: 43 | H25: - | I25: 28 | J25: 36 | K25: 45 | L25: 54 | M25: -
B28: age_10 | C28: 나이(10세 단위)
C30: 번호 | D30: 답안 | E30: 총 | F30: sex. 성별 | H30: age_10. 나이(10세 단위)
F31: 남 | G31: 여 | H31: 10대 | I31: 20대 | J31: 30대 | K31: 40대 | L31: 50대 | M31: 60대 이상
C32: (단위: %) | D32: 총 응답 수 | E32: 1000 | F32: 500 | G32: 500 | H32: - | I32: 239 | J32: 296 | K32: 265 | L32: 200 | M32: -
C33: 1 | D33: 10대 | E33: - | F33: - | G33: - | H33: - | I33: - | J33: - | K33: - | L33: - | M33: -
C34: 2 | D34: 20대 | E34: 23.9 | F34: 21.2 | G34: 26.6 | H34: - | I34: 100.0 | J34: - | K34: - | L34: - | M34: -
C35: 3 | D35: 30대 | E35: 29.6 | F35: 27.6 | G35: 31.6 | H35: - | I35: - | J35: 100.0 | K35: - | L35: - | M35: -
C36: 4 | D36: 40대 | E36: 26.5 | F36: 27.8 | G36: 25.2 | H36: - | I36: - | J36: - | K36: 100.0 | L36: - | M36: -
C37: 5 | D37: 50대 | E37: 20.0 | F37: 23.4 | G37: 16.6 | H37: - | I37: - | J37: - | K37: - | L37: 100.0 | M37: -
C38: 6 | D38: 60대 이상 | E38: - | F38: - | G38: - | H38: - | I38: - | J38: - | K38: - | L38: - | M38: -
D39: 총합 | E39: 100 | F39: 100 | G39: 100 | H39: - | I39: 100 | J39: 100 | K39: 100 | L39: 100 | M39: -
B42: age_5 | C42: 나이(5세 단위)
C44: 번호 | D44: 답안 | E44: 총 | F44: sex. 성별 | H44: age_10. 나이(10세 단위)
F45: 남 | G45: 여 | H45: 10대 | I45: 20대 | J45: 30대 | K45: 40대 | L45: 50대 | M45: 60대 이상
C46: (단위: %) | D46: 총 응답 수 | E46: 1000 | F46: 500 | G46: 500 | H46: - | I46: 239 | J46: 296 | K46: 265 | L46: 200 | M46: -
C47: 1 | D47: 10~14세 | E47: - | F47: - | G47: - | H47: - | I47: - | J47: - | K47: - | L47: - | M47: -
C48: 2 | D48: 15~19세 | E48: - | F48: - | G48: - | H48: - | I48: - | J48: - | K48: - | L48: - | M48: -
C49: 3 | D49: 20~24세 | E49: 2.2 | F49: 1.6 | G49: 2.8 | H49: - | I49: 9.2 | J49: - | K49: - | L49: - | M49: -
C50: 4 | D50: 25~29세 | E50: 21.7 | F50: 19.6 | G50: 23.8 | H50: - | I50: 90.8 | J50: - | K50: - | L50: - | M50: -
C51: 5 | D51: 30~34세 | E51: 15.2 | F51: 13.4 | G51: 17.0 | H51: - | I51: - | J51: 51.4 | K51: - | L51: - | M51: -
C52: 6 | D52: 35~39세 | E52: 14.4 | F52: 14.2 | G52: 14.6 | H52: - | I52: - | J52: 48.6 | K52: - | L52: - | M52: -
C53: 7 | D53: 40~44세 | E53: 17.1 | F53: 18.4 | G53: 15.8 | H53: - | I53: - | J53: - | K53: 64.5 | L53: - | M53: -
C54: 8 | D54: 45~49세 | E54: 9.4 | F54: 9.4 | G54: 9.4 | H54: - | I54: - | J54: - | K54: 35.5 | L54: - | M54: -
C55: 9 | D55: 50~54세 | E55: 14.9 | F55: 17.2 | G55: 12.6 | H55: - | I55: - | J55: - | K55: - | L55: 74.5 | M55: -
C56: 10 | D56: 55~59세 | E56: 5.1 | F56: 6.2 | G56: 4.0 | H56: - | I56: - | J56: - | K56: - | L56: 25.5 | M56: -
C57: 11 | D57: 60세 이상 | E57: - | F57: - | G57: - | H57: - | I57: - | J57: - | K57: - | L57: - | M57: -
D58: 총합 | E58: 100 | F58: 100 | G58: 100 | H58: - | I58: 100 | J58: 100 | K58: 100 | L58: 100 | M58: -
B61: area | C61: 지역
C63: 번호 | D63: 답안 | E63: 총 | F63: sex. 성별 | H63: age_10. 나이(10세 단위)
F64: 남 | G64: 여 | H64: 10대 | I64: 20대 | J64: 30대 | K64: 40대 | L64: 50대 | M64: 60대 이상
C65: (단위: %) | D65: 총 응답 수 | E65: 1000 | F65: 500 | G65: 500 | H65: - | I65: 239 | J65: 296 | K65: 265 | L65: 200 | M65: -
C66: 1 | D66: 서울 | E66: 31.4 | F66: 30.2 | G66: 32.6 | H66: - | I66: 28.0 | J66: 32.4 | K66: 35.1 | L66: 29.0 | M66: -
C67: 2 | D67: 경기 | E67: 28.7 | F67: 29.2 | G67: 28.2 | H67: - | I67: 33.9 | J67: 24.0 | K67: 29.8 | L67: 28.0 | M67: -
C68: 3 | D68: 인천 | E68: 7.2 | F68: 7.2 | G68: 7.2 | H68: - | I68: 9.6 | J68: 6.8 | K68: 7.2 | L68: 5.0 | M68: -
C69: 4 | D69: 강원 | E69: - | F69: - | G69: - | H69: - | I69: - | J69: - | K69: - | L69: - | M69: -
C70: 5 | D70: 충북 | E70: - | F70: - | G70: - | H70: - | I70: - | J70: - | K70: - | L70: - | M70: -
C71: 6 | D71: 충남 | E71: - | F71: - | G71: - | H71: - | I71: - | J71: - | K71: - | L71: - | M71: -
C72: 7 | D72: 대전 | E72: 4.8 | F72: 4.4 | G72: 5.2 | H72: - | I72: 3.8 | J72: 6.8 | K72: 3.4 | L72: 5.0 | M72: -
C73: 8 | D73: 경북 | E73: - | F73: - | G73: - | H73: - | I73: - | J73: - | K73: - | L73: - | M73: -
C74: 9 | D74: 경남 | E74: - | F74: - | G74: - | H74: - | I74: - | J74: - | K74: - | L74: - | M74: -
C75: 10 | D75: 대구 | E75: 6.1 | F75: 5.8 | G75: 6.4 | H75: - | I75: 6.3 | J75: 6.4 | K75: 4.5 | L75: 7.5 | M75: -
C76: 11 | D76: 울산 | E76: 3.4 | F76: 4.0 | G76: 2.8 | H76: - | I76: 3.8 | J76: 3.4 | K76: 3.0 | L76: 3.5 | M76: -
C77: 12 | D77: 부산 | E77: 14.0 | F77: 14.0 | G77: 14.0 | H77: - | I77: 10.0 | J77: 16.9 | K77: 13.6 | L77: 15.0 | M77: -
... C82: 17 | D82: 세종 | E82: - | F82: - | G82: - | H82: - | I82: - | J82: - | K82: - | L82: - | M82: -
D83: 총합 | E83: 100 | F83: 100 | G83: 100 | H83: - | I83: 100 | J83: 100 | K83: 100 | L83: 100 | M83: -
B86: area_group | C86: 지역그룹
C88: 번호 | D88: 답안 | E88: 총 | F88: sex. 성별 | H88: age_10. 나이(10세 단위)
F89: 남 | G89: 여 | H89: 10대 | I89: 20대 | J89: 30대 | K89: 40대 | L89: 50대 | M89: 60대 이상
C90: (단위: %) | D90: 총 응답 수 | E90: 1000 | F90: 500 | G90: 500 | H90: - | I90: 239 | J90: 296 | K90: 265 | L90: 200 | M90: -
C91: 1 | D91: 서울 | E91: 31.4 | F91: 30.2 | G91: 32.6 | H91: - | I91: 28.0 | J91: 32.4 | K91: 35.1 | L91: 29.0 | M91: -
C92: 2 | D92: 서울 외 수도권 | E92: 35.9 | F92: 36.4 | G92: 35.4 | H92: - | I92: 43.5 | J92: 30.7 | K92: 37.0 | L92: 33.0 | M92: -
C93: 3 | D93: 5대광역시 | E93: 32.7 | F93: 33.4 | G93: 32.0 | H93: - | I93: 28.5 | J93: 36.8 | K93: 27.9 | L93: 38.0 | M93: -
C94: 4 | D94: 기타지역 | E94: - | F94: - | G94: - | H94: - | I94: - | J94: - | K94: - | L94: - | M94: -
D95: 총합 | E95: 100 | F95: 100 | G95: 100 | H95: - | I95: 100 | J95: 100 | K95: 100 | L95: 100 | M95: -
B98: life_style_age | C98: 라이프스타일 나이
C100: 번호 | D100: 답안 | E100: 총 | F100: sex. 성별 | H100: age_10. 나이(10세 단위)
F101: 남 | G101: 여 | H101: 10대 | I101: 20대 | J101: 30대 | K101: 40대 | L101: 50대 | M101: 60대 이상
C102: (단위: %) | D102: 총 응답 수 | E102: 1000 | F102: 500 | G102: 500 | H102: - | I102: 239 | J102: 296 | K102: 265 | L102: 200 | M102: -
C103: 1 | D103: 15~24세 | E103: 2.2 | F103: 1.6 | G103: 2.8 | H103: - | I103: 9.2 | J103: - | K103: - | L103: - | M103: -
C104: 2 | D104: 25~34세 | E104: 36.9 | F104: 33.0 | G104: 40.8 | H104: - | I104: 90.8 | J104: 51.4 | K104: - | L104: - | M104: -
C105: 3 | D105: 35~44세 | E105: 31.5 | F105: 32.6 | G105: 30.4 | H105: - | I105: - | J105: 48.6 | K105: 64.5 | L105: - | M105: -
C106: 4 | D106: 45~54세 | E106: 24.3 | F106: 26.6 | G106: 22.0 | H106: - | I106: - | J106: - | K106: 35.5 | L106: 74.5 | M106: -
C107: 5 | D107: 55~64세 | E107: 5.1 | F107: 6.2 | G107: 4.0 | H107: - | I107: - | J107: - | K107: - | L107: 25.5 | M107: -
C108: 6 | D108: 65세 이상 | E108: - | F108: - | G108: - | H108: - | I108: - | J108: - | K108: - | L108: - | M108: -
D109: 총합 | E109: 100 | F109: 100 | G109: 100 | H109: - | I109: 100 | J109: 100 | K109: 100 | L109: 100 | M109: -
B112: area_capital | C112: 수도권/비수도권
C114: 번호 | D114: 답안 | E114: 총 | F114: sex. 성별 | H114: age_10. 나이(10세 단위)
F115: 남 | G115: 여 | H115: 10대 | I115: 20대 | J115: 30대 | K115: 40대 | L115: 50대 | M115: 60대 이상
C116: (단위: %) | D116: 총 응답 수 | E116: 1000 | F116: 500 | G116: 500 | H116: - | I116: 239 | J116: 296 | K116: 265 | L116: 200 | M116: -
C117: 1 | D117: 수도권 | E117: 67.3 | F117: 66.6 | G117: 68.0 | H117: - | I117: 71.5 | J117: 63.2 | K117: 72.1 | L117: 62.0 | M117: -
C118: 2 | D118: 비수도권 | E118: 32.7 | F118: 33.4 | G118: 32.0 | H118: - | I118: 28.5 | J118: 36.8 | K118: 27.9 | L118: 38.0 | M118: -
D119: 총합 | E119: 100 | F119: 100 | G119: 100 | H119: - | I119: 100 | J119: 100 | K119: 100 | L119: 100 | M119: -
B122: sex_age_10 | C122: 성별 x 나이(10세)
C124: 번호 | D124: 답안 | E124: 총 | F124: sex. 성별 | H124: age_10. 나이(10세 단위)
F125: 남 | G125: 여 | H125: 10대 | I125: 20대 | J125: 30대 | K125: 40대 | L125: 50대 | M125: 60대 이상
C126: (단위: %) | D126: 총 응답 수 | E126: 1000 | F126: 500 | G126: 500 | H126: - | I126: 239 | J126: 296 | K126: 265 | L126: 200 | M126: -
C127: 1 | D127: 남 10대 | E127: - | F127: - | G127: - | H127: - | I127: - | J127: - | K127: - | L127: - | M127: -
C128: 2 | D128: 남 20대 | E128: 10.6 | F128: 21.2 | G128: - | H128: - | I128: 44.4 | J128: - | K128: - | L128: - | M128: -
C129: 3 | D129: 남 30대 | E129: 13.8 | F129: 27.6 | G129: - | H129: - | I129: - | J129: 46.6 | K129: - | L129: - | M129: -
C130: 4 | D130: 남 40대 | E130: 13.9 | F130: 27.8 | G130: - | H130: - | I130: - | J130: - | K130: 52.5 | L130: - | M130: -
C131: 5 | D131: 남 50대 | E131: 11.7 | F131: 23.4 | G131: - | H131: - | I131: - | J131: - | K131: - | L131: 58.5 | M131: -
...

Sheet 응답 내용(Raw Data)
A1: 응답ID | B1: 패널코드 | C1: 응답 시각 | D1: 성별 | E1: 나이 | F1: 나이(10세 단위) | G1: 나이(5세 단위) | H1: 지역 | I1: 지역그룹 | J1: 라이프스타일 나이 | K1: 수도권/비수도권 | L1: 성별 x 나이(10세) | M1: 성별 x 나이(5세) | N1: 성별 x 라이프스타일 나이 | O1: Q1 | P1: Q2 | W1: Q3 | X1: Q4 | Y1: BQ5 | AJ1: BQ6 | AN1: Q7 | AR1: Q8 | AV1: BQ9 | BC1: BQ10 | BH1: Q11 | BI1: Q12 | BJ1: Q13 | BK1: Q14 | BL1: Q15 | BM1: Q16 | BN1: Q17 | BO1: Q18 | BU1: Q19 | BY1: Q20 | CC1: Q21 | CD1: Q22 | CE1: Q23 | CF1: Q24 | CG1: Q25 | CH1: Q26 | CI1: BQ27 | CK1: Q28 | CP1: Q29 | CQ1: Q30 | DB1: Q31 | DL1: Q32 | DM1: Q33 | DN1: Q34 | DO1: Q35 | DP1: Q36 | DQ1: Q37 | DR1: Q38 | DT1: Q39 | DV1: Q40 | EJ1: Q41 | EK1: Q42 | ER1: Q43 | ES1: Q44 | ET1: Q45 | EU1: Q46 | EV1: Q47 | EW1: Q48 | EX1: Q49 | EY1: Q50 | FC1: Q51 | FD1: Q52 | FE1: Q53 | FF1: Q54 | FG1: Q55 | FI1: Q56 | FK1: Q57 | FM1: Q58 | FO1: Q59 | FQ1: Q60 | FR1: Q61 | FT1: Q62 | GB1: Q63 | GZ1: Q64 | HJ1: Q65 | HK1: Q66 | HL1: Q67 | HM1: Q68 | HN1: Q69 | HO1: Q70 | HW1: Q71 | IE1: Q72 | IF1: Q73 | IN1: Q74 | IV1: Q75 | IW1: Q76 | IX1: Q77 | IY1: Q78 | IZ1: Q79 | JA1: Q80 | JB1: Q81 | JC1: Q82 | JD1: Q83 | JE1: Q84 | JF1: Q85 | JG1: Q86 | JH1: SQ1 | JI1: SQ2 | JJ1: SQ3 | JK1: SQ4 | JL1: BSQ5 | JN1: BSQ6 | JP1: BSQ7 | JR1: SQ8 | JS1: SQ9 | JT1: SQ10 | JU1: NQ4
O2: 객관식 단일 | P2: 객관식 중복 | W2: 주관식 숫자 | X2: 객관식 단일 | Y2: 객관식 중복 | AJ2: 객관식 순위 | AN2: 객관식 순위 | AR2: 객관식 순위 | AV2: 객관식 순위 | BC2: 객관식 순위 | BH2: 객관식 단일 | BI2: 객관식 단일 | BJ2: 평가형 5점 | BK2: 평가형 5점 | BL2: 평가형 5점 | BM2: 평가형 5점 | BN2: 평가형 5점 | BO2: 객관식 순위 | BU2: 객관식 순위 | BY2: 객관식 순위 | CC2: 평가형 5점 | CD2: 객관식 척도 | CE2: 주관식 숫자 | CF2: 주관식 숫자 | CG2: 평가형 5점 | CH2: 객관식 단일 | CI2: 객관식 단일 | CK2: 객관식 순위 | CP2: 평가형 5점 | CQ2: 객관식 중복 | DB2: 객관식 중복 | DL2: 객관식 단일 | DM2: 평가형 5점 | DN2: 평가형 5점 | DO2: 평가형 5점 | DP2: 평가형 5점 | DQ2: 객관식 단일 | DR2: 객관식 단일 | DT2: 객관식 단일 | DV2: 객관식 중복 | EJ2: 평가형 5점 | EK2: 객관식 중복 | ER2: 객관식 단일 | ES2: 평가형 5점 | ET2: 평가형 5점 | EU2: 평가형 5점 | EV2: 평가형 5점 | EW2: 객관식 단일 | EX2: 객관식 척도 | EY2: 객관식 순위 | FC2: 평가형 5점 | FD2: 객관식 단일 | FE2: 주관식 숫자 | FF2: 주관식 숫자 | FG2: 객관식 단일 | FI2: 객관식 단일 | FK2: 객관식 단일 | FM2: 객관식 단일 | FO2: 객관식 단일 | FQ2: 객관식 단일 | FR2: 객관식 단일 | FT2: 객관식 중복 | GB2: 객관식 중복 | GZ2: 객관식 중복 | HJ2: 객관식 단일 | HK2: 평가형 5점 | HL2: 평가형 5점 | HM2: 객관식 단일 | HN2: 객관식 단일 | HO2: 객관식 중복 | HW2: 객관식 중복 | IE2: 객관식 단일 | IF2: 객관식 중복 | IN2: 객관식 중복 | IV2: 평가형 5점 | IW2: 객관식 단일 | IX2: 평가형 5점 | IY2: 평가형 5점 | IZ2: 평가형 5점 | JA2: 평가형 5점 | JB2: 평가형 5점 | JC2: 평가형 5점 | JD2: 평가형 5점 | JE2: 평가형 5점 | JF2: 평가형 5점 | JG2: 평가형 5점 | JH2: 객관식 단일 | JI2: 객관식 단일 | JJ2: 객관식 단일 | JK2: 객관식 단일 | JL2: 객관식 단일 | JN2: 객관식 단일 | JP2: 객관식 단일 | JR2: 객관식 단일 | JS2: 객관식 단일 | JT2: 객관식 단일 | JU2: 주관식 숫자
O3: 응답 | P3: 없음 | Q3: 1 | R3: 2 | S3: 3 | T3: 4 | U3: 5 | V3: 기타 의견 | X3: 응답 | Y3: 없음 | Z3: 1 | AA3: 2 | AB3: 3 | AC3: 4 | AD3: 5 | AE3: 6 | AF3: 7 | AG3: 8 | AH3: 9 | AI3: 기타 의견 | AJ3: 1순위 | AK3: 2순위 | AL3: 3순위 | AM3: 기타 의견 | AN3: 1순위 | AO3: 2순위 | AP3: 3순위 | AQ3: 기타 의견 | AR3: 1순위 | AS3: 2순위 | AT3: 3순위 | AU3: 기타 의견 | AV3: 없음 | AW3: 1순위 | AX3: 2순위 | AY3: 3순위 | AZ3: 4순위 | BA3: 5순위 | BB3: 기타 의견 | BC3: 없음 | BD3: 1순위 | BE3: 2순위 | BF3: 3순위 | BG3: 기타 의견 | BH3: 응답 | BI3: 응답 | BO3: 1순위 | BP3: 2순위 | BQ3: 3순위 | BR3: 4순위 | BS3: 5순위 | BT3: 기타 의견 | BU3: 1순위 | BV3: 2순위 | BW3: 3순위 | BX3: 4순위 | BY3: 1순위 | BZ3: 2순위 | CA3: 3순위 | CB3: 4순위 | CH3: 응답 | CI3: 응답 | CJ3: 기타 의견 | CK3: 1순위 | CL3: 2순위 | CM3: 3순위 | CN3: 4순위 | CO3: 5순위 | CQ3: 없음 | CR3: 1 | CS3: 2 | CT3: 3 | CU3: 4 | CV3: 5 | CW3: 6 | CX3: 7 | CY3: 8 | CZ3: 9 | DA3: 기타 의견 | DB3: 1 | DC3: 2 | DD3: 3 | DE3: 4 | DF3: 5 | DG3: 6 | DH3: 7 | DI3: 8 | DJ3: 9 | DK3: 기타 의견 | DL3: 응답 | DQ3: 응답 | DR3: 응답 | DS3: 기타 의견 | DT3: 응답 | DU3: 기타 의견 | DV3: 1 | DW3: 2 | DX3: 3 | DY3: 4 | DZ3: 5 | EA3: 6 | EB3: 7 | EC3: 8 | ED3: 9 | EE3: 10 | EF3: 11 | EG3: 12 | EH3: 13 | EI3: 기타 의견 | EK3: 1 | EL3: 2 | EM3: 3 | EN3: 4 | EO3: 5 | EP3: 6 | EQ3: 기타 의견 | ER3: 응답 | EW3: 응답 | EY3: 1순위 | EZ3: 2순위 | FA3: 3순위 | FB3: 기타 의견 | FD3: 응답 | FG3: 응답 | FH3: 기타 의견 | FI3: 응답 | FJ3: 기타 의견 | FK3: 응답 | FL3: 기타 의견 | FM3: 응답 | FN3: 기타 의견 | FO3: 응답 | FP3: 기타 의견 | FQ3: 응답 | FR3: 응답 | FS3: 기타 의견 | FT3: 없음 | FU3: 1 | FV3: 2 | FW3: 3 | FX3: 4 | FY3: 5 | FZ3: 6 | GA3: 기타 의견 | GB3: 없음 | GC3: 1 | GD3: 2 | GE3: 3 | GF3: 4 | GG3: 5 | GH3: 6 | GI3: 7 | GJ3: 8 | GK3: 9 | GL3: 10 | GM3: 11 | GN3: 12 | GO3: 13 | GP3: 14 | GQ3: 15 | GR3: 16 | GS3: 17 | GT3: 18 | GU3: 19 | GV3: 20 | GW3: 21 | GX3: 22 | GY3: 기타 의견 | GZ3: 없음 | HA3: 1 | HB3: 2 | HC3: 3 | HD3: 4 | HE3: 5 | HF3: 6 | HG3: 7 | HH3: 8 | HI3: 기타 의견 | HJ3: 응답 | HM3: 응답 | HN3: 응답 | HO3: 1 | HP3: 2 | HQ3: 3 | HR3: 4 | HS3: 5 | HT3: 6 | HU3: 7 | HV3: 기타 의견 | HW3: 없음 | HX3: 1 | HY3: 2 | HZ3: 3 | IA3: 4 | IB3: 5 | IC3: 6 | ID3: 기타 의견 | IE3: 응답 | IF3: 1 | IG3: 2 | IH3: 3 | II3: 4 | IJ3: 5 | IK3: 6 | IL3: 7 | IM3: 기타 의견 | IN3: 1 | IO3: 2 | IP3: 3 | IQ3: 4 | IR3: 5 | IS3: 6 | IT3: 7 | IU3: 기타 의견 | IW3: 응답 | JH3: 응답 | JI3: 응답 | JJ3: 응답 | JK3: 응답 | JL3: 응답 | JM3: 기타 의견 | JN3: 응답 | JO3: 기타 의견 | JP3: 응답 | JQ3: 기타 의견 | JR3: 응답 | JS3: 응답 | JT3: 응답
A4: 9ud405e8 | B4: ncbcqtzf | C4: 2023-10-11 19:10:34 | D4: 남 | E4: 37 | F4: 30대 | G4: 35~39세 | H4: 서울 | I4: 서울 | J4: 35~44세 | K4: 수도권 | L4: 남 30대 | M4: 남 35~39세 | N4: 남 35~44세 | O4: 1 | R4: 2 | W4: 40 | X4: 3 | Z4: 1 | AA4: 2 | AE4: 6 | AJ4: 1 | AN4: 1 | AO4: 4 | AP4: 2 | AR4: 1 | AS4: 4 | AT4: 2 | AW4: 2 | AX4: 1 | AY4: 8 | AZ4: 6 | BA4: 5 | BD4: 1 | BE4: 2 | BF4: 6 | BH4: 1 | BI4: 2 | BJ4: 4 | BK4: 3 | BL4: 3 | BM4: 2 | BN4: 3 | BO4: 4 | BP4: 2 | BQ4: 3 | BR4: 1 | BU4: 3 | BY4: 2 | BZ4: 1 | CA4: 3 | CC4: 3 | CD4: 4 | CF4: 30 | CG4: 2 | CH4: 1 | CI4: 5 | CK4: 4 | CP4: 2 | CR4: 1 | CS4: 2 | CT4: 3 | CV4: 5 | DB4: 1 | DI4: 8 | DL4: 2 | DM4: 2 | DN4: 2 | DO4: 2 | DP4: 2 | DQ4: 1 | DR4: 2 | DT4: 1 | DV4: 1 | DW4: 2 | DZ4: 5 | EA4: 6 | EB4: 7 | EC4: 8 | ED4: 9 | EE4: 10 | EF4: 11 | EJ4: 3 | EK4: 1 | ER4: 2 | ES4: 2 | ET4: 2 | EU4: 3 | EV4: 3 | EW4: 3 | EX4: 3 | EY4: 2 | EZ4: 9 | FA4: 1 | FC4: 3 | FD4: 1 | FE4: 25 | FF4: 30 | FG4: 2 | FI4: 2 | FK4: 1 | FM4: 2 | FO4: 3 | FQ4: 1 | FR4: 4 | FU4: 1 | FV4: 2 | FW4: 3 | GE4: 3 | GQ4: 15 | HA4: 1 | HC4: 3 | HE4: 5 | HJ4: 1 | HK4: 4 | HL4: 3 | HM4: 2 | HN4: 1 | HW4: -1 | IV4: 4 | IW4: 1 | IX4: 4 | IY4: 4 | IZ4: 4 | JA4: 3 | JB4: 3 | JC4: 3 | JD4: 3 | JE4: 3 | JF4: 4 | JG4: 3 | JH4: 1 | JI4: 6 | JJ4: 9 | JK4: 2 | JL4: 12 | JM4: 부동산 | JN4: 1 | JP4: 1 | JR4: 2 | JS4: 4 | JT4: 2 | JU4: 2
A5: 84gcm833 | B5: 8ro8rxiw | C5: 2023-10-11 19:08:16 | D5: 남 | E5: 40 | F5: 40대 | G5: 40~44세 | H5: 경기 | I5: 서울 외 수도권 | J5: 35~44세 | K5: 수도권 | L5: 남 40대 | M5: 남 40~44세 | N5: 남 35~44세 | O5: 1 | Q5: 1 | R5: 2 | S5: 3 | W5: 52 | X5: 4 | AA5: 2 | AJ5: 2 | AN5: 1 | AO5: 4 | AP5: 2 | AR5: 1 | AS5: 4 | AT5: 2 | AW5: 5 | AX5: 8 | AY5: 9 | AZ5: 10 | BA5: 2 | BD5: 9 | BE5: 6 | BF5: 1 | BH5: 1 | BI5: 1 | BJ5: 1 | BK5: 4 | BL5: 2 | BM5: 2 | BN5: 2 | BO5: 4 | BU5: 3 | BV5: 2 | BY5: 1 | BZ5: 2 | CC5: 2 | CD5: 4 | CF5: 30 | CG5: 3 | CH5: 1 | CI5: 1 | CK5: 3 | CP5: 2 | CY5: 8 | DJ5: 9 | DK5: 캠페인은 내근직원 위주로 전파됨. | DL5: 2 | DM5: 1 | DN5: 1 | DO5: 1 | DP5: 1 | DQ5: 1 | DR5: 2 | DT5: 1 | DV5: 1 | DW5: 2 | EC5: 8 | EJ5: 1 | EK5: 1 | ER5: 2 | ES5: 1 | ET5: 1 | EU5: 1 | EV5: 1 | EW5: 3 | EX5: 4 | EY5: 1 | EZ5: 3 | FA5: 7 | FC5: 1 | FD5: 1 | FE5: 100 | FF5: 40 | FG5: 2 | FI5: 2 | FK5: 1 | FM5: 1 | FO5: 2 | FQ5: 2 | FR5: 3 | FW5: 3 | GE5: 3 | GN5: 12 | GP5: 14 | HC5: 3 | HD5: 4 | HJ5: 1 | HK5: 4 | HL5: 4 | HM5: 2 | HN5: 1 | HX5: 1 | HY5: 2 | HZ5: 3 | IA5: 4 | IE5: 3 | IF5: 1 | IN5: 1 | IR5: 5 | IV5: 3 | IW5: 1 | IX5: 3 | IY5: 1 | IZ5: 4 | JA5: 2 | JB5: 2 | JC5: 2 | JD5: 1 | JE5: 2 | JF5: 1 | JG5: 1 | JH5: 1 | JI5: 6 | JJ5: 9 | JK5: 5 | JL5: 1 | JN5: 4 | JP5: 1 | JR5: 2 | JS5: 5 | JT5: 4 | JU5: 3
A6: qz86w6ev | B6: qvdo1vyl | C6: 2023-10-11 19:38:49 | D6: 여 | E6: 29 | F6: 20대 | G6: 25~29세 | H6: 부산 | I6: 5대광역시 | J6: 25~34세 | K6: 비수도권 | L6: 여 20대 | M6: 여 25~29세 | N6: 여 25~34세 | O6: 1 | P6: -1 | W6: 40 | X6: 4 | Y6: -1 | AN6: 4 | AO6: 3 | AP6: 2 | AR6: 5 | AS6: 6 | AT6: 3 | AW6: 1 | AX6: 6 | AY6: 10 | AZ6: 16 | BD6: 1 | BE6: 4 | BF6: 7 | BH6: 1 | BI6: 3 | BJ6: 4 | BK6: 3 | BL6: 2 | BM6: 4 | BN6: 5 | BO6: 1 | BP6: 4 | BU6: 1 | BY6: 1 | CC6: 1 | CD6: 1 | CF6: 80 | CG6: 3 | CH6: 1 | CI6: 1 | CK6: 4 | CL6: 3 | CM6: 2 | CN6: 1 | CO6: 5 | CP6: 1 | CV6: 5 | DE6: 4 | DI6: 8 | DL6: 1 | DM6: 1 | DN6: 2 | DO6: 1 | DP6: 2 | DQ6: 1 | DR6: 1 | DT6: 2 | EH6: 13 | EI6: 없음 | EJ6: 1 | EL6: 2 | ER6: 1 | ES6: 2 | ET6: 1 | EU6: 1 | EV6: 1 | EW6: 1 | EX6: 2 | EY6: 6 | EZ6: 3 | FA6: 4 | FC6: 2 | FD6: 1 | FE6: 35 | FF6: 20 | FG6: 1 | FI6: 1 | FK6: 2 | FM6: 2 | FO6: 1 | FQ6: 2 | FR6: 2 | FT6: -1 | GB6: -1 | GZ6: -1 | HJ6: 1 | HK6: 3 | HL6: 4 | HM6: 1 | HN6: 1 | HW6: -1 | IV6: 2 | IW6: 1 | IX6: 1 | IY6: 1 | IZ6: 2 | JA6: 2 | JB6: 2 | JC6: 2 | JD6: 2 | JE6: 2 | JF6: 3 | JG6: 3 | JH6: 1 | JI6: 6 | JJ6: 8 | JK6: 1 | JL6: 12 | JM6: 복지 | JN6: 2 | JP6: 2 | JR6: 3 | JS6: 2 | JT6: 1 | JU6: 3
A7: x2zlk2fu | B7: 69qwwk4k | C7: 2023-10-11 19:06:17 | D7: 남 | E7: 33 | F7: 30대 | G7: 30~34세 | H7: 울산 | I7: 5대광역시 | J7: 25~34세 | K7: 비수도권 | L7: 남 30대 | M7: 남 30~34세 | N7: 남 25~34세 | O7: 1 | Q7: 1 | R7: 2 | S7: 3 | W7: 40 | X7: 5 | Z7: 1 | AA7: 2 | AJ7: 1 | AK7: 2 | AN7: 1 | AO7: 4 | AP7: 5 | AR7: 5 | AS7: 4 | AT7: 1 | AW7: 1 | AX7: 13 | AY7: 16 | BD7: 4 | BE7: 1 | BF7: 6 | BH7: 1 | BI7: 3 | BJ7: 4 | BK7: 4 | BL7: 2 | BM7: 3 | BN7: 3 | BO7: 3 | BP7: 4 | BQ7: 1 | BU7: 2 | BV7: 3 | BW7: 1 | BY7: 1 | BZ7: 2 | CC7: 3 | CD7: 1 | CF7: 80 | CG7: 4 | CH7: 1 | CI7: 2 | CK7: 1 | CL7: 4 | CP7: 4 | CR7: 1 | CT7: 3 | CV7: 5 | DC7: 2 | DD7: 3 | DE7: 4 | DL7: 2 | DM7: 3 | DN7: 4 | DO7: 2 | DP7: 3 | DQ7: 1 | DR7: 2 | DT7: 2 | DW7: 2 | DZ7: 5 | EC7: 8 | ED7: 9 | EJ7: 3 | EK7: 1 | EN7: 4 | ER7: 1 | ES7: 4 | ET7: 3 | EU7: 3 | EV7: 3 | EW7: 3 | EX7: 2 | EY7: 3 | FC7: 3 | FD7: 1 | FE7: 40 | FF7: 20 | FG7: 1 | FI7: 2 | FK7: 2 | FM7: 1 | FO7: 3 | FQ7: 2 | FR7: 2 | FX7: 4 | GK7: 9 | GR7: 16 | HA7: 1 | HE7: 5 | HJ7: 1 | HK7: 3 | HL7: 3 | HM7: 2 | HN7: 1 | HW7: -1 | IV7: 3 | IW7: 1 | IX7: 4 | IY7: 4 | IZ7: 3 | JA7: 3 | JB7: 3 | JC7: 3 | JD7: 3 | JE7: 3 | JF7: 3 | JG7: 3 | JH7: 1 | JI7: 6 | JJ7: 11 | JK7: 2 | JL7: 3 | JN7: 10 | JP7: 1 | JR7: 3 | JS7: 1 | JT7: 1 | JU7: 4
A8: nfqfnani | B8: rp929lu3 | C8: 2023-10-11 19:10:06 | D8: 여 | E8: 55 | F8: 50대 | G8: 55~59세 | H8: 경기 | I8: 서울 외 수도권 | J8: 55~64세 | K8: 수도권 | L8: 여 50대 | M8: 여 55~59세 | N8: 여 55~64세 | O8: 1 | S8: 3 | W8: 40 | X8: 4 | Z8: 1 | AJ8: 1 | AN8: 1 | AO8: 4 | AP8: 5 | AR8: 4 | AS8: 3 | AT8: 5 | AW8: 6 | AX8: 5 | BD8: 1 | BE8: 2 | BF8: 7 | BH8: 1 | BI8: 3 | BJ8: 1 | BK8: 2 | BL8: 2 | BM8: 4 | BN8: 4 | BO8: 1 | BU8: 2 | BY8: 2 | CC8: 1 | CD8: 2 | CF8: 60 | CG8: 4 | CH8: 1 | CI8: 1 | CK8: 4 | CL8: 1 | CP8: 1 | CR8: 1 | CT8: 3 | CV8: 5 | CX8: 7 | DB8: 1 | DL8: 2 | DM8: 2 | DN8: 2 | DO8: 1 | DP8: 2 | DQ8: 1 | DR8: 2 | DT8: 1 | DW8: 2 | DY8: 4 | DZ8: 5 | EC8: 8 | EF8: 11 | EJ8: 2 | EL8: 2 | ER8: 2 | ES8: 3 | ET8: 4 | EU8: 3 | EV8: 4 | EW8: 1 | EX8: 2 | EY8: 1 | EZ8: 3 | FA8: 5 | FC8: 3 | FD8: 1 | FE8: 110 | FF8: 30 | FG8: 1 | FI8: 2 | FK8: 2 | FM8: 1 | FO8: 3 | FQ8: 1 | FR8: 5 | FT8: -1 | GW8: 21 | HA8: 1 | HJ8: 1 | HK8: 4 | HL8: 3 | HM8: 1 | HN8: 1 | HX8: 1 | IE8: 3 | IL8: 7 | IM8: 의견이라도 청취하려는 노력은 있다는 사실 | IR8: 5 | IV8: 2 | IW8: 1 | IX8: 2 | IY8: 2 | IZ8: 4 | JA8: 3 | JB8: 2 | JC8: 2 | JD8: 3 | JE8: 3 | JF8: 3 | JG8: 3 | JH8: 1 | JI8: 6 | JJ8: 9 | JK8: 4 | JL8: 3 | JN8: 7 | JP8: 1 | JR8: 3 | JS8: 6 | JT8: 6 | JU8: 3
A9: 8mr4bx47 | B9: 22u7z1l3 | C9: 2023-10-11 19:05:57 | D9: 남 | E9: 40 | F9: 40대 | G9: 40~44세 | H9: 대구 | I9: 5대광역시 | J9: 35~44세 | K9: 비수도권 | L9: 남 40대 | M9: 남 40~44세 | N9: 남 35~44세 | O9: 1 | S9: 3 | W9: 48 | X9: 4 | AB9: 3 | AJ9: 3 | AN9: 3 | AO9: 4 | AP9: 5 | AR9: 4 | AS9: 5 | AT9: 3 | AW9: 8 | AX9: 6 | BD9: 6 | BE9: 9 | BF9: 2 | BH9: 1 | BI9: 2 | BJ9: 4 | BK9: 4 | BL9: 3 | BM9: 4 | BN9: 3 | BO9: 3 | BP9: 1 | BQ9: 4 | BU9: 2 | BY9: 2 | CC9: 4 | CD9: 2 | CF9: 80 | CG9: 4 | CH9: 1 | CI9: 3 | CK9: 2 | CP9: 4 | CS9: 2 | CW9: 6 | DC9: 2 | DL9: 2 | DM9: 4 | DN9: 4 | DO9: 3 | DP9: 4 | DQ9: 1 | DR9: 3 | DT9: 1 | DZ9: 5 | ED9: 9 | EJ9: 4 | EK9: 1 | EL9: 2 | ER9: 2 | ES9: 4 | ET9: 3 | EU9: 4 | EV9: 3 | EW9: 3 | EX9: 3 | EY9: 3 | EZ9: 5 | FC9: 4 | FD9: 1 | FE9: 45 | FF9: 30 | FG9: 1 | FI9: 1 | FK9: 2 | FM9: 2 | FO9: 1 | FQ9: 2 | FR9: 1 | FU9: 1 | FY9: 5 | GK9: 9 | GO9: 13 | GS9: 17 | HE9: 5 | HJ9: 1 | HK9: 4 | HL9: 3 | HM9: 2 | HN9: 1 | HX9: 1 | HZ9: 3 | IA9: 4 | IE9: 1 | IJ9: 5 | IV9: 3 | IW9: 1 | IX9: 3 | IY9: 4 | IZ9: 3 | JA9: 3 | JB9: 3 | JC9: 4 | JD9: 4 | JE9: 4 | JF9: 3 | JG9: 4 | JH9: 1 | JI9: 6 | JJ9: 6 | JK9: 4 | JL9: 7 | JN9: 10 | JP9: 2 | JR9: 2 | JS9: 3 | JT9: 3 | JU9: 3
A10: qljv2kmd | B10: 2whesem4 | C10: 2023-10-11 19:08:54 | D10: 여 | E10: 42 | F10: 40대 | G10: 40~44세 | H10: 경기 | I10: 서울 외 수도권 | J10: 35~44세 | K10: 수도권 | L10: 여 40대 | M10: 여 40~44세 | N10: 여 35~44세 | O10: 1 | R10: 2 | W10: 40 | X10: 5 | AA10: 2 | AJ10: 2 | AN10: 1 | AO10: 4 | AP10: 2 | AR10: 3 | AS10: 4 | AT10: 2 | AW10: 2 | AX10: 7 | AY10: 4 | BD10: 7 | BE10: 1 | BF10: 4 | BH10: 1 | BI10: 3 | BJ10: 1 | BK10: 1 | BL10: 1 | BM10: 5 | BN10: 5 | BO10: 4 | BU10: 1 | BY10: 2 | CC10: 1 | CD10: 1 | CF10: 40 | CG10: 2 | CH10: 1 | CI10: 3 | CK10: 4 | CP10: 3 | CV10: 5 | DB10: 1 | DL10: 2 | DM10: 3 | DN10: 3 | DO10: 1 | DP10: 1 | DQ10: 1 | DR10: 3 | DT10: 1 | DZ10: 5 | EE10: 10 | EJ10: 1 | EL10: 2 | EN10: 4 | EO10: 5 | ER10: 2 | ES10: 1 | ET10: 1 | EU10: 1 | EV10: 1 | EW10: 1 | EX10: 4 | EY10: 3 | FC10: 1 | FD10: 1 | FE10: 17 | FF10: 20 | FG10: 1 | FI10: 1 | FK10: 2 | FM10: 3 | FO10: 1 | FQ10: 2 | FR10: 1 | FU10: 1 | FV10: 2 | FW10: 3 | FY10: 5 | GN10: 12 | GP10: 14 | GQ10: 15 | GT10: 18 | HA10: 1 | HB10: 2 | HJ10: 1 | HK10: 3 | HL10: 5 | HM10: 1 | HN10: 2 | HO10: 1 | HQ10: 3 | HS10: 5 | HW10: -1 | IV10: 2 | IW10: 1 | IX10: 1 | IY10: 5 | IZ10: 3 | JA10: 2 | JB10: 2 | JC10: 2 | JD10: 2 | JE10: 2 | JF10: 2 | JG10: 1 | JH10: 1 | JI10: 6 | JJ10: 2 | JK10: 2 | JL10: 11 | JN10: 9 | JP10: 4 | JR10: 3 | JS10: 3 | JT10: 3 | JU10: 4
A11: ihlb4fwb | B11: z1lenuo8 | C11: 2023-10-11 20:01:13 | D11: 남 | E11: 26 | F11: 20대 | G11: 25~29세 | H11: 서울 | I11: 서울 | J11: 25~34세 | K11: 수도권 | L11: 남 20대 | M11: 남 25~29세 | N11: 남 25~34세 | O11: 1 | P11: -1 | W11: 41 | X11: 4 | Z11: 1 | AJ11: 1 | AN11: 1 | AR11: 1 | AW11: 9 | AX11: 1 | AY11: 2 | BD11: 4 | BE11: 2 | BF11: 9 | BH11: 1 | BI11: 1 | BJ11: 4 | BK11: 5 | BL11: 2 | BM11: 2 | BN11: 3 | BO11: 3 | BP11: 4 | BQ11: 1 | BR11: 2 | BU11: 2 | BV11: 1 | BY11: 2 | BZ11: 1 | CC11: 4 | CD11: 2 | CF11: 90 | CG11: 4 | CH11: 1 | CI11: 1 | CK11: 4 | CP11: 3 | CR11: 1 | DF11: 5 | DH11: 7 | DI11: 8 | DL11: 1 | DM11: 3 | DN11: 3 | DO11: 3 | DP11: 3 | DQ11: 1 | DR11: 1 | DT11: 2 | EC11: 8 | EJ11: 2 | EL11: 2 | ER11: 2 | ES11: 2 | ET11: 2 | EU11: 1 | EV11: 1 | EW11: 2 | EX11: 1 | EY11: 6 | EZ11: 5 | FA11: 1 | FC11: 2 | FD11: 1 | FE11: 20 | FF11: 15 | FG11: 1 | FI11: 1 | FK11: 1 | FM11: 2 | FO11: 2 | FQ11: 2 | FR11: 3 | FT11: -1 | GB11: -1 | GZ11: -1 | HJ11: 1 | HK11: 4 | HL11: 4 | HM11: 2 | HN11: 1 | HW11: -1 | IV11: 1 | IW11: 1 | IX11: 4 | IY11: 4 | IZ11: 5 | JA11: 2 | JB11: 3 | JC11: 2 | JD11: 4 | JE11: 3 | JF11: 5 | JG11: 4 | JH11: 1 | JI11: 6 | JJ11: 2 | JK11: 1 | JL11: 8 | JN11: 13 | JO11: 정비 | JP11: 2 | JR11: 3 | JS11: 1 | JT11: 1 | JU11: 3
A12: x1b8842t | B12: 80dhbv41 | C12: 2023-10-12 06:56:20 | D12: 여 | E12: 36 | F12: 30대 | G12: 35~39세 | H12: 부산 | I12: 5대광역시 | J12: 35~44세 | K12: 비수도권 | L12: 여 30대 | M12: 여 35~39세 | N12: 여 35~44세 | O12: 1 | P12: -1 | W12: 40 | X12: 3 | Z12: 1 | AJ12: 1 | AN12: 1 | AO12: 4 | AP12: 2 | AR12: 5 | AS12: 3 | AT12: 1 | AW12: 2 | AX12: 7 | AY12: 3 | AZ12: 10 | BA12: 9 | BD12: 7 | BE12: 1 | BF12: 4 | BH12: 1 | BI12: 2 | BJ12: 4 | BK12: 2 | BL12: 2 | BM12: 3 | BN12: 3 | BO12: 4 | BP12: 3 | BQ12: 1 | BU12: 1 | BY12: 2 | CC12: 3 | CD12: 1 | CF12: 70 | CG12: 3 | CH12: 1 | CI12: 1 | CK12: 4 | CL12: 3 | CP12: 3 | CR12: 1 | CV12: 5 | DD12: 3 | DF12: 5 | DG12: 6 | DL12: 1 | DM12: 3 | DN12: 3 | DO12: 4 | DP12: 3 | DQ12: 1 | DR12: 1 | DT12: 2 | DZ12: 5 | EC12: 8 | ED12: 9 | EF12: 11 | EJ12: 3 | EL12: 2 | ER12: 3 | ES12: 3 | ET12: 3 | EU12: 3 | EV12: 3 | EW12: 1 | EX12: 2 | EY12: 2 | EZ12: 9 | FA12: 3 | FC12: 3 | FD12: 1 | FE12: 30 | FF12: 40 | FG12: 1 | FI12: 1 | FK12: 2 | FM12: 2 | FO12: 2 | FQ12: 1 | FR12: 2 | FU12: 1 | FW12: 3 | FX12: 4 | GK12: 9 | HB12: 2 | HE12: 5 | HJ12: 1 | HK12: 4 | HL12: 4 | HM12: 2 | HN12: 2 | HP12: 2 | HS12: 5 | HZ12: 3 | IE12: 1 | IG12: 2 | IV12: 4 | IW12: 1 | IX12: 3 | IY12: 4 | IZ12: 5 | JA12: 4 | JB12: 4 | JC12: 3 | JD12: 4 | JE12: 3 | JF12: 4 | JG12: 4 | JH12: 1 | JI12: 6 | JJ12: 8 | JK12: 1 | JL12: 8 | JN12: 12 | JP12: 2 | JR12: 3 | JS12: 4 | JT12: 1 | JU12: 2
A13: nj3ot6jl | B13: x30cusxi | C13: 2023-10-11 19:31:43 | D13: 여 | E13: 51 | F13: 50대 | G13: 50~54세 | H13: 서울 | I13: 서울 | J13: 45~54세 | K13: 수도권 | L13: 여 50대 | M13: 여 50~54세 | N13: 여 45~54세 | O13: 1 | P13: -1 | W13: 40 | X13: 6 | Z13: 1 | AJ13: 1 | AN13: 1 | AR13: 2 | AS13: 3 | AT13: 1 | AW13: 2 | AX13: 4 | AY13: 9 | BC13: -1 | BH13: 1 | BI13: 3 | BJ13: 4 | BK13: 2 | BL13: 4 | BM13: 3 | BN13: 3 | BO13: 4 | BP13: 2 | BU13: 2 | BY13: 1 | CC13: 4 | CD13: 2 | CF13: 80 | CG13: 4 | CH13: 1 | CI13: 2 | CK13: 4 | CP13: 4 | CT13: 3 | DB13: 1 | DD13: 3 | DL13: 3 | DM13: 4 | DN13: 4 | DO13: 4 | DP13: 4 | DQ13: 1 | DR13: 1 | DT13: 2 | EH13: 13 | EI13: 없음 | EJ13: 3 | EM13: 3 | EN13: 4 | ER13: 2 | ES13: 4 | ET13: 4 | EU13: 4 | EV13: 4 | EW13: 1 | EX13: 3 | EY13: 6 | EZ13: 4 | FC13: 3 | FD13: 1 | FE13: 50 | FF13: 60 | FG13: 1 | FI13: 1 | FK13: 1 | FM13: 1 | FO13: 2 | FQ13: 1 | FR13: 3 | FX13: 4 | FY13: 5 | GB13: -1 | GZ13: -1 | HJ13: 1 | HK13: 3 | HL13: 5 | HM13: 1 | HN13: 2 | HQ13: 3 | HT13: 6 | HW13: -1 | IV13: 3 | IW13: 1 | IX13: 4 | IY13: 3 | IZ13: 5 | JA13: 4 | JB13: 3 | JC13: 3 | JD13: 4 | JE13: 4 | JF13: 5 | JG13: 4 | JH13: 1 | JI13: 6 | JJ13: 9 | JK13: 1 | JL13: 2 | JN13: 5 | JP13: 2 | JR13: 2 | JS13: 6 | JT13: 5 | JU13: 5
A14: z3ug3ihr | B14: rfkwy2zh | C14: 2023-10-11 19:12:42 | D14: 남 | E14: 32 | F14: 30대 | G14: 30~34세 | H14: 서울 | I14: 서울 | J14: 25~34세 | K14: 수도권 | L14: 남 30대 | M14: 남 30~34세 | N14: 남 25~34세 | O14: 1 | R14: 2 | W14: 8 | X14: 3 | Z14: 1 | AJ14: 1 | AN14: 1 | AO14: 4 | AP14: 5 | AR14: 5 | AS14: 3 | AW14: 12 | AX14: 1 | AY14: 9 | AZ14: 10 | BD14: 5 | BE14: 7 | BF14: 3 | BH14: 1 | BI14: 3 | BJ14: 4 | BK14: 4 | BL14: 2 | BM14: 2 | BN14: 4 | BO14: 4 | BP14: 1 | BU14: 1 | BY14: 2 | BZ14: 1 | CC14: 4 | CD14: 1 | CF14: 50 | CG14: 3 | CH14: 1 | CI14: 1 | CK14: 1 | CL14: 4 | CP14: 3 | CT14: 3 | CU14: 4 | CV14: 5 | CY14: 8 | DE14: 4 | DF14: 5 | DI14: 8 | DL14: 2 | DM14: 4 | DN14: 3 | DO14: 4 | DP14: 4 | DQ14: 1 | DR14: 1 | DT14: 2 | DW14: 2 | EC14: 8 | EJ14: 2 | EL14: 2 | EN14: 4 | ER14: 2 | ES14: 4 | ET14: 3 | EU14: 3 | EV14: 3 | EW14: 1 | EX14: 2 | EY14: 7 | EZ14: 9 | FA14: 8 | FC14: 4 | FD14: 1 | FE14: 40 | FF14: 30 | FG14: 1 | FI14: 1 | FK14: 2 | FM14: 2 | FO14: 3 | FQ14: 2 | FR14: 2 | FV14: 2 | FW14: 3 | GQ14: 15 | GW14: 21 | HB14: 2 | HE14: 5 | HJ14: 1 | HK14: 4 | HL14: 4 | HM14: 2 | HN14: 1 | HZ14: 3 | IE14: 3 | IK14: 6 | IN14: 1 | IV14: 4 | IW14: 1 | IX14: 1 | IY14: 3 | IZ14: 4 | JA14: 3 | JB14: 3 | JC14: 3 | JD14: 2 | JE14: 3 | JF14: 4 | JG14: 2 | JH14: 1 | JI14: 6 | JJ14: 2 | JK14: 5 | JL14: 4 | JN14: 6 | JP14: 1 | JR14: 3 | JS14: 3 | JT14: 2 | JU14: 2
A15: nb42jk11 | B15: jobtl65j | C15: 2023-10-11 19:10:07 | D15: 남 | E15: 34 | F15: 30대 | G15: 30~34세 | H15: 인천 | I15: 서울 외 수도권 | J15: 25~34세 | K15: 수도권 | L15: 남 30대 | M15: 남 30~34세 | N15: 남 25~34세 | O15: 1 | R15: 2 | W15: 40 | X15: 2 | Z15: 1 | AA15: 2 | AJ15: 1 | AK15: 2 | AN15: 3 | AO15: 2 | AP15: 1 | AR15: 3 | AS15: 2 | AT15: 1 | AW15: 12 | AX15: 2 | AY15: 9 | BD15: 1 | BE15: 5 | BF15: 3 | BH15: 1 | BI15: 4 | BJ15: 5 | BK15: 1 | BL15: 2 | BM15: 5 | BN15: 1 | BO15: 4 | BP15: 3 | BU15: 1 | BY15: 1 | CC15: 1 | CD15: 1 | CF15: 30 | CG15: 4 | CH15: 1 | CI15: 1 | CK15: 1 | CL15: 2 | CP15: 3 | CT15: 3 | DF15: 5 | DL15: 1 | DM15: 5 | DN15: 4 | DO15: 3 | DP15: 3 | DQ15: 1 | DR15: 4 | DT15: 2 | EC15: 8 | EJ15: 1 | EL15: 2 | EN15: 4 | EO15: 5 | ER15: 3 | ES15: 2 | ET15: 2 | EU15: 1 | EV15: 1 | EW15: 1 | EX15: 3 | EY15: 1 | EZ15: 6 | FA15: 2 | FC15: 3 | FD15: 1 | FE15: 90 | FF15: 30 | FG15: 1 | FI15: 1 | FK15: 2 | FM15: 2 | FO15: 1 | FQ15: 2 | FR15: 1 | FW15: 3 | GB15: -1 | HE15: 5 | HJ15: 1 | HK15: 3 | HL15: 4 | HM15: 2 | HN15: 2 | HQ15: 3 | HW15: -1 | IV15: 3 | IW15: 1 | IX15: 1 | IY15: 2 | IZ15: 4 | JA15: 2 | JB15: 3 | JC15: 1 | JD15: 3 | JE15: 2 | JF15: 3 | JG15: 2 | JH15: 1 | JI15: 6 | JJ15: 9 | JK15: 2 | JL15: 9 | JN15: 12 | JP15: 2 | JR15: 2 | JS15: 3 | JT15: 3 | JU15: 1
A16: jxmqkqe7 | B16: ned4ewc0 | C16: 2023-10-11 19:52:31 | D16: 남 | E16: 37 | F16: 30대 | G16: 35~39세 | H16: 경기 | I16: 서울 외 수도권 | J16: 35~44세 | K16: 수도권 | L16: 남 30대 | M16: 남 35~39세 | N16: 남 35~44세 | O16: 1 | P16: -1 | W16: 40 | X16: 6 | Z16: 1 | AJ16: 1 | AN16: 1 | AO16: 3 | AR16: 3 | AS16: 1 | AT16: 5 | AW16: 13 | AX16: 9 | AY16: 2 | BD16: 10 | BH16: 1 | BI16: 1 | BJ16: 4 | BK16: 4 | BL16: 2 | BM16: 2 | BN16: 3 | BO16: 4 | BP16: 3 | BU16: 2 | BY16: 2 | CC16: 1 | CD16: 1 | CF16: 80 | CG16: 4 | CH16: 1 | CI16: 2 | CK16: 3 | CL16: 4 | CP16: 3 | CV16: 5 | DB16: 1 | DI16: 8 | DL16: 2 | DM16: 4 | DN16: 3 | DO16: 3 | DP16: 3 | DQ16: 1 | DR16: 4 | DT16: 2 | DZ16: 5 | EJ16: 2 | EL16: 2 | EM16: 3 | EN16: 4 | ER16: 1 | ES16: 3 | ET16: 1 | EU16: 1 | EV16: 2 | EW16: 1 | EX16: 4 | EY16: 3 | EZ16: 1 | FA16: 4 | FC16: 3 | FD16: 1 | FE16: 13 | FF16: 15 | FG16: 1 | FI16: 1 | FK16: 1 | FM16: 2 | FO16: 4 | FQ16: 2 | FR16: 1 | FT16: -1 | GB16: -1 | GZ16: -1 | HJ16: 1 | HK16: 4 | HL16: 4 | HM16: 2 | HN16: 2 | HO16: 1 | HR16: 4 | HW16: -1 | IV16: 4 | IW16: 1 | IX16: 1 | IY16: 3 | IZ16: 5 | JA16: 3 | JB16: 3 | JC16: 3 | JD16: 2 | JE16: 2 | JF16: 4 | JG16: 5 | JH16: 1 | JI16: 6 | JJ16: 2 | JK16: 2 | JL16: 11 | JN16: 8 | JP16: 6 | JQ16: 학교 | JR16: 3 | JS16: 4 | JT16: 2 | JU16: 5
A17: 64kxcb19 | B17: ifnx901q | C17: 2023-10-11 19:16:43 | D17: 남 | E17: 42 | F17: 40대 | G17: 40~44세 | H17: 서울 | I17: 서울 | J17: 35~44세 | K17: 수도권 | L17: 남 40대 | M17: 남 40~44세 | N17: 남 35~44세 | O17: 1 | Q17: 1 | R17: 2 | S17: 3 | W17: 8 | X17: 5 | AA17: 2 | AJ17: 2 | AN17: 2 | AO17: 1 | AR17: 2 | AS17: 1 | AW17: 7 | AX17: 2 | BD17: 1 | BE17: 10 | BH17: 1 | BI17: 4 | BJ17: 4 | BK17: 4 | BL17: 2 | BM17: 3 | BN17: 1 | BO17: 3 | BP17: 1 | BU17: 3 | BY17: 1 | CC17: 2 | CD17: 4 | CF17: 50 | CG17: 2 | CH17: 1 | CI17: 1 | CK17: 4 | CL17: 1 | CP17: 3 | CT17: 3 | CW17: 6 | CX17: 7 | DC17: 2 | DD17: 3 | DE17: 4 | DL17: 1 | DM17: 1 | DN17: 2 | DO17: 3 | DP17: 3 | DQ17: 1 | DR17: 3 | DT17: 4 | DY17: 4 | DZ17: 5 | EC17: 8 | EJ17: 4 | EM17: 3 | EN17: 4 | ER17: 2 | ES17: 4 | ET17: 3 | EU17: 4 | EV17: 4 | EW17: 1 | EX17: 3 | EY17: 8 | EZ17: 9 | FA17: 2 | FC17: 4 | FD17: 1 | FE17: 20 | FF17: 30 | FG17: 2 | FI17: 2 | FK17: 3 | FM17: 3 | FO17: 1 | FQ17: 2 | FR17: 2 | FU17: 1 | FV17: 2 | FW17: 3 | FX17: 4 | FY17: 5 | GE17: 3 | GK17: 9 | GM17: 11 | GN17: 12 | GO17: 13 | GP17: 14 | GQ17: 15 | GR17: 16 | GT17: 18 | GU17: 19 | HA17: 1 | HJ17: 1 | HK17: 5 | HL17: 5 | HM17: 2 | HN17: 1 | HX17: 1 | HZ17: 3 | IE17: 3 | II17: 4 | IJ17: 5 | IO17: 2 | IR17: 5 | IS17: 6 | IV17: 3 | IW17: 1 | IX17: 4 | IY17: 3 | IZ17: 5 | JA17: 2 | JB17: 4 | JC17: 4 | JD17: 4 | JE17: 3 | JF17: 2 | JG17: 3 | JH17: 1 | JI17: 6 | JJ17: 9 | JK17: 2 | JL17: 11 | JN17: 2 | JP17: 4 | JR17: 3 | JS17: 4 | JT17: 3 | JU17: 4
A18: jgs8ipxa | B18: ptoh7z55 | C18: 2023-10-11 19:06:09 | D18: 여 | E18: 29 | F18: 20대 | G18: 25~29세 | H18: 경기 | I18: 서울 외 수도권 | J18: 25~34세 | K18: 수도권 | L18: 여 20대 | M18: 여 25~29세 | N18: 여 25~34세 | O18: 1 | P18: -1 | W18: 8 | X18: 4 | Z18: 1 | AJ18: 1 | AN18: 4 | AO18: 5 | AP18: 1 | AR18: 5 | AS18: 6 | AT18: 2 | AW18: 9 | AX18: 5 | AY18: 2 | BD18: 1 | BE18: 3 | BF18: 4 | BH18: 1 | BI18: 4 | BJ18: 1 | BK18: 4 | BL18: 2 | BM18: 4 | BN18: 2 | BO18: 4 | BP18: 1 | BQ18: 3 | BU18: 2 | BY18: 2 | BZ18: 3 | CC18: 2 | CD18: 1 | CF18: 70 | CG18: 2 | CH18: 1 | CI18: 1 | CK18: 1 | CL18: 3 | CP18: 3 | CT18: 3 | CU18: 4 | DC18: 2 | DG18: 6 | DL18: 2 | DM18: 4 | DN18: 2 | DO18: 3 | DP18: 4 | DQ18: 1 | DR18: 2 | DT18: 1 | DW18: 2 | EC18: 8 | EJ18: 3 | EK18: 1 | EL18: 2 | ER18: 3 | ES18: 3 | ET18: 4 | EU18: 3 | EV18: 3 | EW18: 3 | EX18: 4 | EY18: 9 | EZ18: 1 | FA18: 8 | FC18: 4 | FD18: 1 | FE18: 80 | FF18: 40 | FG18: 1 | FI18: 1 | FK18: 2 | FM18: 2 | FO18: 1 | FQ18: 2 | FR18: 2 | FW18: 3 | FX18: 4 | GK18: 9 | GQ18: 15 | HA18: 1 | HJ18: 1 | HK18: 4 | HL18: 4 | HM18: 2 | HN18: 2 | HO18: 1 | HS18: 5 | HW18: -1 | IV18: 2 | IW18: 1 | IX18: 3 | IY18: 2 | IZ18: 3 | JA18: 3 | JB18: 2 | JC18: 3 | JD18: 3 | JE18: 2 | JF18: 3 | JG18: 2 | JH18: 1 | JI18: 6 | JJ18: 9 | JK18: 4 | JL18: 3 | JN18: 7 | JP18: 2 | JR18: 3 | JS18: 2 | JT18: 2 | JU18: 3
A19: c7uj265v | B19: 9rnrx6od | C19: 2023-10-11 19:09:52 | D19: 남 | E19: 57 | F19: 50대 | G19: 55~59세 | H19: 부산 | I19: 5대광역시 | J19: 55~64세 | K19: 비수도권 | L19: 남 50대 | M19: 남 55~59세 | N19: 남 55~64세 | O19: 1 | P19: -1 | W19: 37 | X19: 6 | Z19: 1 | AJ19: 1 | AN19: 1 | AO19: 2 | AR19: 1 | AS19: 2 | AW19: 2 | BD19: 1 | BE19: 5 | BF19: 6 | BH19: 1 | BI19: 1 | BJ19: 2 | BK19: 4 | BL19: 2 | BM19: 2 | BN19: 2 | BO19: 4 | BP19: 3 | BU19: 1 | BY19: 1 | CC19: 3 | CD19: 2 | CF19: 30 | CG19: 3 | CH19: 1 | CI19: 1 | CK19: 4 | CP19: 3 | CT19: 3 | CV19: 5 | DE19: 4 | DG19: 6 | DL19: 2 | DM19: 4 | DN19: 4 | DO19: 4 | DP19: 3 | DQ19: 1 | DR19: 1 | DT19: 2 | DV19: 1 | EJ19: 3 | EL19: 2 | EN19: 4 | ER19: 2 | ES19: 3 | ET19: 4 | EU19: 3 | EV19: 3 | EW19: 1 | EX19: 2 | EY19: 8 | EZ19: 1 | FA19: 4 | FC19: 3 | FD19: 1 | FE19: 30 | FF19: 30 | FG19: 1 | FI19: 1 | FK19: 3 | FM19: 3 | FO19: 3 | FQ19: 2 | FR19: 3 | FU19: 1 | GB19: -1 | GZ19: -1 | HJ19: 1 | HK19: 4 | HL19: 4 | HM19: 1 | HN19: 1 | HW19: -1 | IV19: 3 | IW19: 1 | IX19: 2 | IY19: 2 | IZ19: 3 | JA19: 2 | JB19: 2 | JC19: 2 | JD19: 2 | JE19: 2 | JF19: 3 | JG19: 2 | JH19: 1 | JI19: 6 | JJ19: 8 | JK19: 1 | JL19: 12 | JM19: 아파트 관리사무소 | JN19: 9 | JP19: 2 | JR19: 2 | JS19: 2 | JT19: 2 | JU19: 5
A20: rewu823u | B20: zil8ih4d | C20: 2023-10-11 19:08:27 | D20: 남 | E20: 44 | F20: 40대 | G20: 40~44세 | H20: 서울 | I20: 서울 | J20: 35~44세 | K20: 수도권 | L20: 남 40대 | M20: 남 40~44세 | N20: 남 35~44세 | O20: 1 | S20: 3 | W20: 52 | X20: 5 | Z20: 1 | AA20: 2 | AB20: 3 | AC20: 4 | AJ20: 2 | AK20: 3 | AL20: 1 | AN20: 2 | AO20: 3 | AP20: 1 | AR20: 5 | AS20: 3 | AT20: 1 | AW20: 2 | AX20: 10 | AY20: 9 | AZ20: 7 | BD20: 10 | BE20: 9 | BF20: 7 | BH20: 1 | BI20: 2 | BJ20: 4 | BK20: 4 | BL20: 4 | BM20: 3 | BN20: 2 | BO20: 3 | BP20: 4 | BU20: 2 | BY20: 2 | CC20: 4 | CD20: 2 | CF20: 70 | CG20: 4 | CH20: 1 | CI20: 3 | CK20: 1 | CL20: 4 | CP20: 4 | CS20: 2 | CT20: 3 | CV20: 5 | DC20: 2 | DF20: 5 | DH20: 7 | DL20: 2 | DM20: 4 | DN20: 4 | DO20: 5 | DP20: 4 | DQ20: 1 | DR20: 4 | DT20: 1 | DX20: 3 | EB20: 7 | EJ20: 4 | EK20: 1 | EL20: 2 | EM20: 3 | EN20: 4 | EO20: 5 | ER20: 2 | ES20: 4 | ET20: 4 | EU20: 4 | EV20: 4 | EW20: 3 | EX20: 1 | EY20: 9 | EZ20: 2 | FA20: 6 | FC20: 4 | FD20: 1 | FE20: 50 | FF20: 30 | FG20: 2 | FI20: 2 | FK20: 2 | FM20: 2 | FO20: 2 | FQ20: 2 | FR20: 3 | FU20: 1 | FY20: 5 | GJ20: 8 | GK20: 9 | GL20: 10 | GO20: 13 | GP20: 14 | GS20: 17 | GU20: 19 | HB20: 2 | HC20: 3 | HE20: 5 | HJ20: 1 | HK20: 4 | HL20: 4 | HM20: 2 | HN20: 2 | HR20: 4 | HS20: 5 | HX20: 1 | HY20: 2 | IE20: 3 | IF20: 1 | II20: 4 | IN20: 1 | IS20: 6 | IV20: 4 | IW20: 1 | IX20: 4 | IY20: 4 | IZ20: 3 | JA20: 3 | JB20: 4 | JC20: 4 | JD20: 4 | JE20: 4 | JF20: 4 | JG20: 3 | JH20: 1 | JI20: 6 | JJ20: 9 | JK20: 2 | JL20: 3 | JN20: 12 | JP20: 2 | JR20: 3 | JS20: 4 | JT20: 3 | JU20: 4
A21: 93vpbdch | B21: cjcne84h | C21: 2023-10-11 19:26:00 | D21: 여 | E21: 51 | F21: 50대 | G21: 50~54세 | H21: 서울 | I21: 서울 | J21: 45~54세 | K21: 수도권 | L21: 여 50대 | M21: 여 50~54세 | N21: 여 45~54세 | O21: 1 | Q21: 1 | W21: 8 | X21: 1 | Y21: -1 | AN21: 1 | AO21: 4 | AP21: 5 | AR21: 4 | AS21: 5 | AW21: 10 | BD21: 4 | BE21: 2 | BH21: 1 | BI21: 1 | BJ21: 1 | BK21: 1 | BL21: 1 | BM21: 1 | BN21: 1 | BO21: 4 | BP21: 3 | BU21: 2 | BY21: 2 | CC21: 1 | CD21: 1 | CF21: 90 | CG21: 4 | CH21: 1 | CI21: 1 | CK21: 1 | CP21: 4 | CU21: 4 | CV21: 5 | DD21: 3 | DL21: 2 | DM21: 4 | DN21: 4 | DO21: 4 | DP21: 4 | DQ21: 1 | DR21: 1 | DT21: 2 | DW21: 2 | EJ21: 4 | EL21: 2 | ER21: 2 | ES21: 3 | ET21: 3 | EU21: 3 | EV21: 3 | EW21: 1 | EX21: 1 | EY21: 1 | FC21: 4 | FD21: 1 | FE21: 80 | FF21: 30 | FG21: 1 | FI21: 1 | FK21: 2 | FM21: 2 | FO21: 2 | FQ21: 2 | FR21: 2 | FX21: 4 | FY21: 5 | GB21: -1 | HC21: 3 | HJ21: 1 | HK21: 4 | HL21: 4 | HM21: 2 | HN21: 2 | HT21: 6 | HZ21: 3 | IE21: 1 | IJ21: 5 | IK21: 6 | IV21: 4 | IW21: 1 | IX21: 4 | IY21: 4 | IZ21: 4 | JA21: 4 | JB21: 4 | JC21: 4 | JD21: 4 | JE21: 4 | JF21: 4 | JG21: 4 | JH21: 1 | JI21: 6 | JJ21: 9 | JK21: 4 | JL21: 3 | JN21: 2 | JP21: 1 | JR21: 2 | JS21: 5 | JT21: 4 | JU21: 0
A22: 20m92g96 | B22: 6yo42adg | C22: 2023-10-11 19:09:51 | D22: 남 | E22: 33 | F22: 30대 | G22: 30~34세 | H22: 경기 | I22: 서울 외 수도권 | J22: 25~34세 | K22: 수도권 | L22: 남 30대 | M22: 남 30~34세 | N22: 남 25~34세 | O22: 1 | R22: 2 | W22: 8 | X22: 3 | Z22: 1 | AA22: 2 | AB22: 3 | AF22: 7 | AG22: 8 | AJ22: 1 | AK22: 2 | AL22: 3 | AN22: 2 | AO22: 1 | AP22: 3 | AR22: 2 | AS22: 1 | AT22: 3 | AW22: 9 | AX22: 1 | AY22: 16 | AZ22: 8 | BA22: 15 | BD22: 1 | BE22: 7 | BF22: 3 | BH22: 1 | BI22: 4 | BJ22: 4 | BK22: 2 | BL22: 5 | BM22: 4 | BN22: 4 | BO22: 4 | BP22: 1 | BQ22: 3 | BR22: 2 | BU22: 2 | BY22: 2 | CC22: 5 | CD22: 4 | CE22: 0 | CF22: 30 | CG22: 5 | CH22: 1 | CI22: 5 | CK22: 2 | CL22: 5 | CM22: 4 | CN22: 3 | CO22: 1 | CP22: 4 | CR22: 1 | CT22: 3 | CU22: 4 | CV22: 5 | CX22: 7 | CY22: 8 | DC22: 2 | DH22: 7 | DL22: 2 | DM22: 4 | DN22: 5 | DO22: 4 | DP22: 4 | DQ22: 1 | DR22: 4 | DT22: 4 | ED22: 9 | EJ22: 1 | EK22: 1 | ER22: 2 | ES22: 2 | ET22: 2 | EU22: 3 | EV22: 2 | EW22: 3 | EX22: 2 | EY22: 2 | EZ22: 1 | FA22: 6 | FC22: 3 | FD22: 1 | FE22: 40 | FF22: 60 | FG22: 1 | FI22: 2 | FK22: 2 | FM22: 3 | FO22: 2 | FQ22: 2 | FR22: 1 | FW22: 3 | GB22: -1 | HA22: 1 | HC22: 3 | HE22: 5 | HJ22: 1 | HK22: 4 | HL22: 4 | HM22: 2 | HN22: 1 | HW22: -1 | IV22: 2 | IW22: 1 | IX22: 1 | IY22: 2 | IZ22: 5 | JA22: 4 | JB22: 1 | JC22: 1 | JD22: 4 | JE22: 2 | JF22: 4 | JG22: 3 | JH22: 1 | JI22: 6 | JJ22: 9 | JK22: 2 | JL22: 1 | JN22: 4 | JP22: 2 | JR22: 2 | JS22: 3 | JT22: 2 | JU22: 2
A23: covd0bqd | B23: qjw9y8de | C23: 2023-10-11 19:27:48 | D23: 남 | E23: 44 | F23: 40대 | G23: 40~44세 | H23: 서울 | I23: 서울 | J23: 35~44세 | K23: 수도권 | L23: 남 40대 | M23: 남 40~44세 | N23: 남 35~44세 | O23: 1 | P23: -1 | W23: 40 | X23: 6 | Z23: 1 | AA23: 2 | AJ23: 1 | AN23: 1 | AO23: 2 | AR23: 1 | AS23: 2 | AT23: 5 | AW23: 13 | AX23: 8 | AY23: 9 | AZ23: 1 | BA23: 2 | BC23: -1 | BH23: 1 | BI23: 1 | BJ23: 4 | BK23: 1 | BL23: 2 | BM23: 4 | BN23: 2 | BO23: 4 | BU23: 1 | BY23: 2 | CC23: 3 | CD23: 2 | CF23: 60 | CG23: 3 | CH23: 1 | CI23: 1 | CK23: 4 | CL23: 2 | CP23: 4 | CR23: 1 | CV23: 5 | DB23: 1 | DF23: 5 | DL23: 1 | DM23: 1 | DN23: 4 | DO23: 2 | DP23: 2 | DQ23: 1 | DR23: 1 | DT23: 2 | DY23: 4 | EF23: 11 | EJ23: 2 | EK23: 1 | EN23: 4 | EO23: 5 | ER23: 3 | ES23: 3 | ET23: 3 | EU23: 4 | EV23: 2 | EW23: 1 | EX23: 3 | EY23: 9 | EZ23: 2 | FA23: 5 | FC23: 2 | FD23: 1 | FE23: 60 | FF23: 30 | FG23: 1 | FI23: 1 | FK23: 1 | FM23: 2 | FO23: 1 | FQ23: 2 | FR23: 1 | FU23: 1 | FW23: 3 | GB23: -1 | HC23: 3 | HJ23: 1 | HK23: 5 | HL23: 2 | HM23: 2 | HN23: 1 | HW23: -1 | IV23: 3 | IW23: 1 | IX23: 2 | IY23: 2 | IZ23: 4 | JA23: 3 | JB23: 2 | JC23: 2 | JD23: 3 | JE23: 3 | JF23: 4 | JG23: 2 | JH23: 1 | JI23: 6 | JJ23: 2 | JK23: 1 | JL23: 5 | JN23: 7 | JP23: 2 | JR23: 2 | JS23: 5 | JT23: 5 | JU23: 5
A24: qn5e9pnb | B24: ptzl7tud | C24: 2023-10-11 19:10:21 | D24: 남 | E24: 30 | F24: 30대 | G24: 30~34세 | H24: 서울 | I24: 서울 | J24: 25~34세 | K24: 수도권 | L24: 남 30대 | M24: 남 30~34세 | N24: 남 25~34세 | O24: 1 | P24: -1 | W24: 40 | X24: 3 | Z24: 1 | AJ24: 1 | AN24: 1 | AR24: 1 | AW24: 10 | AX24: 8 | AY24: 6 | BD24: 7 | BE24: 6 | BF24: 3 | BH24: 1 | BI24: 1 | BJ24: 1 | BK24: 4 | BL24: 2 | BM24: 4 | BN24: 2 | BO24: 4 | BP24: 3 | BQ24: 1 | BR24: 2 | BU24: 1 | BY24: 1 | BZ24: 2 | CA24: 3 | CC24: 1 | CD24: 1 | CF24: 10 | CG24: 2 | CH24: 1 | CI24: 1 | CK24: 4 | CL24: 1 | CP24: 2 | CR24: 1 | CV24: 5 | DB24: 1 | DC24: 2 | DG24: 6 | DL24: 2 | DM24: 1 | DN24: 1 | DO24: 1 | DP24: 2 | DQ24: 1 | DR24: 2 | DT24: 2 | EC24: 8 | EJ24: 1 | EK24: 1 | EL24: 2 | ER24: 2 | ES24: 1 | ET24: 1 | EU24: 1 | EV24: 1 | EW24: 3 | EX24: 4 | EY24: 8 | EZ24: 1 | FA24: 3 | FC24: 1 | FD24: 1 | FE24: 15 | FF24: 30 | FG24: 1 | FI24: 1 | FK24: 2 | FM24: 3 | FO24: 3 | FQ24: 2 | FR24: 1 | FT24: -1 | GR24: 16 | HE24: 5 | HJ24: 1 | HK24: 4 | HL24: 4 | HM24: 2 | HN24: 1 | HW24: -1 | IV24: 2 | IW24: 1 | IX24: 4 | IY24: 3 | IZ24: 3 | JA24: 3 | JB24: 3 | JC24: 2 | JD24: 3 | JE24: 2 | JF24: 3 | JG24: 3 | JH24: 1 | JI24: 6 | JJ24: 9 | JK24: 4 | JL24: 1 | JN24: 4 | JP24: 2 | JR24: 3 | JS24: 2 | JT24: 2 | JU24: 2
A25: c5n1uvkc | B25: rmy58xsb | C25: 2023-10-12 06:40:13 | D25: 남 | E25: 34 | F25: 30대 | G25: 30~34세 | H25: 경기 | I25: 서울 외 수도권 | J25: 25~34세 | K25: 수도권 | L25: 남 30대 | M25: 남 30~34세 | N25: 남 25~34세 | O25: 1 | P25: -1 | W25: 40 | X25: 2 | Z25: 1 | AA25: 2 | AJ25: 1 | AN25: 1 | AO25: 2 | AR25: 1 | AS25: 2 | AW25: 9 | AX25: 16 | AY25: 10 | BD25: 6 | BE25: 4 | BF25: 3 | BH25: 1 | BI25: 1 | BJ25: 4 | BK25: 4 | BL25: 2 | BM25: 2 | BN25: 4 | BO25: 4 | BP25: 3 | BU25: 2 | BY25: 2 | BZ25: 1 | CA25: 3 | CC25: 4 | CD25: 3 | CF25: 70 | CG25: 3 | CH25: 1 | CI25: 1 | CK25: 1 | CP25: 3 | CW25: 6 | DD25: 3 | DF25: 5 | DH25: 7 | DL25: 1 | DM25: 2 | DN25: 4 | DO25: 2 | DP25: 2 | DQ25: 1 | DR25: 1 | DT25: 1 | EA25: 6 | EJ25: 4 | EK25: 1 | EN25: 4 | ER25: 2 | ES25: 2 | ET25: 3 | EU25: 2 | EV25: 2 | EW25: 1 | EX25: 2 | EY25: 1 | EZ25: 4 | FC25: 2 | FD25: 1 | FE25: 70 | FF25: 30 | FG25: 1 | FI25: 1 | FK25: 2 | FM25: 2 | FO25: 2 | FQ25: 2 | FR25: 1 | FW25: 3 | GB25: -1 | HE25: 5 | HJ25: 1 | HK25: 4 | HL25: 4 | HM25: 1 | HN25: 1 | HW25: -1 | IV25: 3 | IW25: 1 | IX25: 4 | IY25: 4 | IZ25: 4 | JA25: 4 | JB25: 3 | JC25: 2 | JD25: 2 | JE25: 3 | JF25: 4 | JG25: 4 | JH25: 1 | JI25: 6 | JJ25: 2 | JK25: 1 | JL25: 1 | JN25: 6 | JP25: 2 | JR25: 3 | JS25: 3 | JT25: 3 | JU25: 1
A26: 8diwe4ii | B26: 6yu3r8vd | C26: 2023-10-11 19:11:22 | D26: 남 | E26: 31 | F26: 30대 | G26: 30~34세 | H26: 서울 | I26: 서울 | J26: 25~34세 | K26: 수도권 | L26: 남 30대 | M26: 남 30~34세 | N26: 남 25~34세 | O26: 1 | S26: 3 | W26: 40 | X26: 2 | Y26: -1 | AN26: 1 | AO26: 3 | AR26: 1 | AS26: 3 | AT26: 5 | AW26: 2 | AX26: 8 | AY26: 9 | AZ26: 13 | BA26: 5 | BD26: 1 | BE26: 3 | BF26: 9 | BH26: 1 | BI26: 2 | BJ26: 3 | BK26: 3 | BL26: 2 | BM26: 3 | BN26: 4 | BO26: 1 | BP26: 4 | BU26: 2 | BV26: 3 | BY26: 2 | CC26: 3 | CD26: 3 | CF26: 60 | CG26: 4 | CH26: 1 | CI26: 1 | CK26: 1 | CP26: 4 | CR26: 1 | CU26: 4 | CV26: 5 | DB26: 1 | DE26: 4 | DF26: 5 | DL26: 3 | DM26: 4 | DN26: 4 | DO26: 4 | DP26: 4 | DQ26: 1 | DR26: 4 | DT26: 2 | DW26: 2 | DZ26: 5 | EJ26: 3 | EK26: 1 | ER26: 3 | ES26: 4 | ET26: 4 | EU26: 3 | EV26: 3 | EW26: 1 | EX26: 3 | EY26: 1 | EZ26: 2 | FA26: 3 | FC26: 4 | FD26: 1 | FE26: 60 | FF26: 30 | FG26: 1 | FI26: 1 | FK26: 3 | FM26: 3 | FO26: 1 | FQ26: 2 | FR26: 2 | FU26: 1 | FV26: 2 | FW26: 3 | GJ26: 8 | GK26: 9 | GN26: 12 | GO26: 13 | GQ26: 15 | GT26: 18 | GW26: 21 | HA26: 1 | HB26: 2 | HC26: 3 | HD26: 4 | HE26: 5 | HJ26: 1 | HK26: 4 | HL26: 4 | HM26: 1 | HN26: 2 | HO26: 1 | HR26: 4 | HT26: 6 | HX26: 1 | IE26: 1 | IG26: 2 | II26: 4 | IV26: 4 | IW26: 1 | IX26: 3 | IY26: 4 | IZ26: 5 | JA26: 4 | JB26: 4 | JC26: 4 | JD26: 4 | JE26: 4 | JF26: 4 | JG26: 4 | JH26: 1 | JI26: 6 | JJ26: 9 | JK26: 4 | JL26: 10 | JN26: 9 | JP26: 4 | JR26: 3 | JS26: 1 | JT26: 1 | JU26: 1
A27: jc7c2yvf | B27: 85t52z67 | C27: 2023-10-11 22:46:04 | D27: 남 | E27: 43 | F27: 40대 | G27: 40~44세 | H27: 부산 | I27: 5대광역시 | J27: 35~44세 | K27: 비수도권 | L27: 남 40대 | M27: 남 40~44세 | N27: 남 35~44세 | O27: 1 | P27: -1 | W27: 40 | X27: 3 | Z27: 1 | AA27: 2 | AJ27: 1 | AK27: 2 | AN27: 1 | AO27: 4 | AP27: 5 | AR27: 5 | AS27: 4 | AT27: 1 | AW27: 9 | AX27: 8 | AY27: 10 | AZ27: 4 | BA27: 1 | BD27: 3 | BE27: 6 | BF27: 1 | BH27: 1 | BI27: 3 | BJ27: 5 | BK27: 5 | BL27: 1 | BO27: 4 | BP27: 1 | BQ27: 3 | BU27: 1 | BV27: 2 | BY27: 1 | CC27: 3 | CD27: 1 | CF27: 70 | CG27: 3 | CH27: 1 | CI27: 1 | CK27: 2 | CL27: 3 | CM27: 4 | CP27: 5 | CQ27: -1 | DC27: 2 | DE27: 4 | DL27: 1 | DM27: 3 | DN27: 4 | DO27: 5 | DP27: 2 | DQ27: 1 | DR27: 4 | DT27: 1 | ED27: 9 | EJ27: 5 | EK27: 1 | ER27: 2 | ES27: 3 | ET27: 1 | EU27: 3 | EV27: 3 | EW27: 1 | EX27: 5 | EY27: 3 | EZ27: 4 | FA27: 6 | FC27: 3 | FD27: 1 | FE27: 70 | FF27: 10 | FG27: 1 | FI27: 1 | FK27: 1 | FM27: 2 | FO27: 1 | FQ27: 2 | FR27: 1 | FU27: 1 | FW27: 3 | GQ27: 15 | GR27: 16 | HB27: 2 | HJ27: 1 | HK27: 5 | HL27: 5 | HM27: 2 | HN27: 2 | HP27: 2 | HR27: 4 | HS27: 5 | HW27: -1 | IV27: 3 | IW27: 1 | IX27: 3 | IY27: 5 | IZ27: 5 | JA27: 5 | JB27: 3 | JC27: 4 | JD27: 5 | JE27: 3 | JF27: 5 | JG27: 5 | JH27: 1 | JI27: 6 | JJ27: 8 | JK27: 1 | JL27: 8 | JN27: 7 | JP27: 2 | JR27: 1 | JS27: 5 | JT27: 2 | JU27: 2
A28: iv1uvx3j | B28: 9dirtdm2 | C28: 2023-10-11 20:09:32 | D28: 남 | E28: 42 | F28: 40대 | G28: 40~44세 | H28: 부산 | I28: 5대광역시 | J28: 35~44세 | K28: 비수도권 | L28: 남 40대 | M28: 남 40~44세 | N28: 남 35~44세 | O28: 1 | P28: -1 | W28: 40 | X28: 4 | Y28: -1 | AN28: 1 | AO28: 4 | AP28: 2 | AR28: 3 | AS28: 1 | AW28: 1 | AX28: 2 | BD28: 10 | BE28: 7 | BF28: 6 | BH28: 1 | BI28: 3 | BJ28: 4 | BK28: 3 | BL28: 3 | BM28: 4 | BN28: 2 | BO28: 4 | BP28: 3 | BQ28: 2 | BR28: 1 | BU28: 1 | BY28: 2 | CC28: 3 | CD28: 3 | CF28: 30 | CG28: 4 | CH28: 1 | CI28: 2 | CK28: 4 | CL28: 5 | CM28: 2 | CN28: 3 | CP28: 4 | CT28: 3 | CV28: 5 | CW28: 6 | CY28: 8 | DC28: 2 | DD28: 3 | DH28: 7 | DL28: 1 | DM28: 4 | DN28: 3 | DO28: 4 | DP28: 4 | DQ28: 1 | DR28: 1 | DT28: 2 | EF28: 11 | EJ28: 4 | EO28: 5 | ER28: 1 | ES28: 3 | ET28: 4 | EU28: 3 | EV28: 3 | EW28: 3 | EX28: 3 | EY28: 8 | EZ28: 2 | FC28: 3 | FD28: 1 | FE28: 50 | FF28: 60 | FG28: 3 | FI28: 2 | FK28: 1 | FM28: 1 | FO28: 4 | FQ28: 1 | FR28: 5 | FU28: 1 | GE28: 3 | GG28: 5 | GK28: 9 | GN28: 12 | GQ28: 15 | HC28: 3 | HG28: 7 | HJ28: 1 | HK28: 3 | HL28: 4 | HM28: 2 | HN28: 2 | HP28: 2 | HS28: 5 | HX28: 1 | HY28: 2 | IE28: 3 | IG28: 2 | IH28: 3 | II28: 4 | IN28: 1 | IO28: 2 | IQ28: 4 | IV28: 3 | IW28: 1 | IX28: 4 | IY28: 3 | IZ28: 3 | JA28: 3 | JB28: 4 | JC28: 4 | JD28: 4 | JE28: 4 | JF28: 4 | JG28: 3 | JH28: 1 | JI28: 6 | JJ28: 8 | JK28: 5 | JL28: 3 | JN28: 10 | JP28: 1 | JR28: 3 | JS28: 6 | JT28: 6 | JU28: 3
A29: 6jfq5pta | B29: nymqxric | C29: 2023-10-11 19:05:23 | D29: 여 | E29: 44 | F29: 40대 | G29: 40~44세 | H29: 경기 | I29: 서울 외 수도권 | J29: 35~44세 | K29: 수도권 | L29: 여 40대 | M29: 여 40~44세 | N29: 여 35~44세 | O29: 1 | Q29: 1 | S29: 3 | W29: 40 | X29: 5 | Z29: 1 | AA29: 2 | AD29: 5 | AJ29: 1 | AK29: 2 | AL29: 5 | AN29: 1 | AO29: 2 | AP29: 4 | AR29: 2 | AS29: 1 | AT29: 5 | AW29: 12 | AX29: 13 | AY29: 8 | AZ29: 11 | BA29: 7 | BD29: 3 | BE29: 4 | BF29: 6 | BH29: 1 | BI29: 2 | BJ29: 4 | BK29: 3 | BL29: 3 | BM29: 3 | BN29: 4 | BO29: 4 | BP29: 1 | BQ29: 3 | BU29: 3 | BV29: 2 | BW29: 1 | BY29: 1 | BZ29: 2 | CA29: 3 | CC29: 4 | CD29: 3 | CF29: 70 | CG29: 3 | CH29: 1 | CI29: 1 | CK29: 2 | CL29: 1 | CP29: 3 | CS29: 2 | CT29: 3 | CY29: 8 | DD29: 3 | DG29: 6 | DH29: 7 | DL29: 1 | DM29: 3 | DN29: 3 | DO29: 3 | DP29: 3 | DQ29: 1 | DR29: 4 | DT29: 3 | DW29: 2 | DY29: 4 | DZ29: 5 | EA29: 6 | EJ29: 4 | EK29: 1 | EL29: 2 | EM29: 3 | EN29: 4 | EO29: 5 | ER29: 2 | ES29: 3 | ET29: 3 | EU29: 3 | EV29: 3 | EW29: 2 | EX29: 3 | EY29: 1 | EZ29: 8 | FA29: 2 | FC29: 3 | FD29: 1 | FE29: 50 | FF29: 30 | FG29: 1 | FI29: 1 | FK29: 3 | FM29: 3 | FO29: 2 | FQ29: 2 | FR29: 1 | FU29: 1 | FV29: 2 | FX29: 4 | FY29: 5 | GC29: 1 | GG29: 5 | GK29: 9 | GN29: 12 | GQ29: 15 | GR29: 16 | GW29: 21 | HB29: 2 | HF29: 6 | HJ29: 1 | HK29: 3 | HL29: 4 | HM29: 2 | HN29: 1 | HX29: 1 | IB29: 5 | IE29: 1 | IG29: 2 | II29: 4 | IV29: 4 | IW29: 1 | IX29: 4 | IY29: 3 | IZ29: 3 | JA29: 3 | JB29: 3 | JC29: 3 | JD29: 4 | JE29: 4 | JF29: 3 | JG29: 3 | JH29: 1 | JI29: 6 | JJ29: 2 | JK29: 2 | JL29: 10 | JN29: 4 | JP29: 2 | JR29: 2 | JS29: 5 | JT29: 3 | JU29: 4
A30: foj9fdih | B30: qtmtdqg3 | C30: 2023-10-11 20:53:38 | D30: 여 | E30: 31 | F30: 30대 | G30: 30~34세 | H30: 인천 | I30: 서울 외 수도권 | J30: 25~34세 | K30: 수도권 | L30: 여 30대 | M30: 여 30~34세 | N30: 여 25~34세 | O30: 1 | R30: 2 | W30: 8 | X30: 4 | Z30: 1 | AA30: 2 | AJ30: 1 | AK30: 2 | AN30: 1 | AO30: 5 | AP30: 2 | AR30: 1 | AS30: 2 | AT30: 5 | AW30: 5 | AX30: 8 | AY30: 9 | BD30: 6 | BE30: 1 | BF30: 9 | BH30: 1 | BI30: 2 | BJ30: 4 | BK30: 5 | BL30: 4 | BM30: 4 | BN30: 2 | BO30: 4 | BP30: 1 | BQ30: 3 | BU30: 2 | BY30: 2 | BZ30: 1 | CC30: 3 | CD30: 4 | CF30: 60 | CG30: 4 | CH30: 1 | CI30: 1 | CK30: 3 | CL30: 1 | CP30: 4 | CS30: 2 | CV30: 5 | CW30: 6 | DC30: 2 | DF30: 5 | DL30: 2 | DM30: 4 | DN30: 4 | DO30: 3 | DP30: 4 | DQ30: 1 | DR30: 5 | DS30: 비대면보고 | DT30: 1 | DW30: 2 | DZ30: 5 | EC30: 8 | ED30: 9 | EJ30: 3 | EK30: 1 | EL30: 2 | EN30: 4 | ER30: 2 | ES30: 3 | ET30: 4 | EU30: 3 | EV30: 3 | EW30: 1 | EX30: 2 | EY30: 1 | EZ30: 2 | FC30: 4 | FD30: 1 | FE30: 95 | FF30: 30 | FG30: 1 | FI30: 1 | FK30: 2 | FM30: 2 | FO30: 2 | FQ30: 1 | FR30: 2 | FV30: 2 | FW30: 3 | GK30: 9 | GL30: 10 | GP30: 14 | GQ30: 15 | GT30: 18 | GW30: 21 | HA30: 1 | HC30: 3 | HD30: 4 | HE30: 5 | HF30: 6 | HJ30: 1 | HK30: 4 | HL30: 4 | HM30: 2 | HN30: 2 | HQ30: 3 | HT30: 6 | IA30: 4 | IE30: 1 | IJ30: 5 | IK30: 6 | IV30: 4 | IW30: 1 | IX30: 1 | IY30: 4 | IZ30: 4 | JA30: 4 | JB30: 4 | JC30: 4 | JD30: 4 | JE30: 4 | JF30: 3 | JG30: 4 | JH30: 1 | JI30: 6 | JJ30: 9 | JK30: 5 | JL30: 6 | JN30: 4 | JP30: 1 | JR30: 3 | JS30: 3 | JT30: 2 | JU30: 3
A31: 8pbij40t | B31: iqbcsrl1 | C31: 2023-10-11 19:09:02 | D31: 남 | E31: 54 | F31: 50대 | G31: 50~54세 | H31: 서울 | I31: 서울 | J31: 45~54세 | K31: 수도권 | L31: 남 50대 | M31: 남 50~54세 | N31: 남 45~54세 | O31: 1 | S31: 3 | W31: 45 | X31: 3 | Z31: 1 | AA31: 2 | AB31: 3 | AC31: 4 | AD31: 5 | AJ31: 1 | AK31: 2 | AL31: 3 | AN31: 1 | AO31: 3 | AP31: 2 | AR31: 3 | AS31: 2 | AT31: 1 | AW31: 1 | AX31: 10 | AY31: 2 | AZ31: 5 | BA31: 9 | BD31: 1 | BE31: 7 | BF31: 4 | BH31: 1 | BI31: 3 | BJ31: 5 | BK31: 5 | BL31: 5 | BM31: 5 | BN31: 1 | BO31: 4 | BP31: 2 | BQ31: 3 | BR31: 1 | BU31: 2 | BV31: 3 | BW31: 1 | BY31: 1 | BZ31: 2 | CA31: 3 | CC31: 4 | CD31: 2 | CF31: 30 | CG31: 3 | CH31: 1 | CI31: 1 | CK31: 4 | CL31: 1 | CM31: 2 | CP31: 3 | CR31: 1 | CT31: 3 | CU31: 4 | CV31: 5 | DD31: 3 | DG31: 6 | DL31: 2 | DM31: 2 | DN31: 2 | DO31: 2 | DP31: 4 | DQ31: 1 | DR31: 2 | DT31: 1 | DV31: 1 | DW31: 2 | DZ31: 5 | EA31: 6 | EC31: 8 | ED31: 9 | EJ31: 4 | EK31: 1 | EN31: 4 | ER31: 2 | ES31: 4 | ET31: 2 | EU31: 3 | EV31: 3 | EW31: 4 | EX31: 4 | EY31: 1 | EZ31: 8 | FA31: 7 | FC31: 4 | FD31: 1 | FE31: 45 | FF31: 30 | FG31: 1 | FI31: 1 | FK31: 2 | FM31: 1 | FO31: 1 | FQ31: 1 | FR31: 3 | FW31: 3 | GD31: 2 | GN31: 12 | GP31: 14 | GT31: 18 | GW31: 21 | HA31: 1 | HE31: 5 | HJ31: 1 | HK31: 4 | HL31: 5 | HM31: 2 | HN31: 1 | HX31: 1 | HY31: 2 | IE31: 2 | IO31: 2 | IR31: 5 | IV31: 3 | IW31: 1 | IX31: 3 | IY31: 3 | IZ31: 4 | JA31: 3 | JB31: 3 | JC31: 3 | JD31: 3 | JE31: 3 | JF31: 3 | JG31: 3 | JH31: 1 | JI31: 6 | JJ31: 9 | JK31: 5 | JL31: 3 | JN31: 4 | JP31: 1 | JR31: 2 | JS31: 5 | JT31: 5 | JU31: 2
A32: 8wrr6swc | B32: rilmbrla | C32: 2023-10-11 19:18:33 | D32: 남 | E32: 27 | F32: 20대 | G32: 25~29세 | H32: 서울 | I32: 서울 | J32: 25~34세 | K32: 수도권 | L32: 남 20대 | M32: 남 25~29세 | N32: 남 25~34세 | O32: 1 | R32: 2 | W32: 8 | X32: 3 | Z32: 1 | AB32: 3 | AJ32: 1 | AK32: 3 | AN32: 1 | AO32: 3 | AP32: 4 | AR32: 3 | AS32: 1 | AW32: 2 | AX32: 11 | AY32: 8 | AZ32: 1 | BA32: 9 | BD32: 2 | BE32: 3 | BF32: 10 | BH32: 1 | BI32: 3 | BJ32: 4 | BK32: 4 | BL32: 2 | BM32: 2 | BN32: 4 | BO32: 4 | BP32: 3 | BQ32: 1 | BU32: 1 | BY32: 1 | BZ32: 2 | CC32: 2 | CD32: 3 | CF32: 70 | CG32: 4 | CH32: 1 | CI32: 1 | CK32: 5 | CL32: 2 | CP32: 4 | CR32: 1 | DI32: 8 | DL32: 2 | DM32: 2 | DN32: 2 | DO32: 3 | DP32: 4 | DQ32: 1 | DR32: 2 | DT32: 1 | EC32: 8 | EJ32: 2 | EK32: 1 | EN32: 4 | ER32: 2 | ES32: 2 | ET32: 2 | EU32: 2 | EV32: 2 | EW32: 3 | EX32: 4 | EY32: 4 | EZ32: 5 | FA32: 3 | FC32: 2 | FD32: 1 | FE32: 30 | FF32: 30 | FG32: 1 | FI32: 1 | FK32: 2 | FM32: 2 | FO32: 3 | FQ32: 1 | FR32: 4 | FY32: 5 | GB32: -1 | HE32: 5 | HJ32: 1 | HK32: 4 | HL32: 4 | HM32: 2 | HN32: 2 | HQ32: 3 | HR32: 4 | HS32: 5 | HT32: 6 | HW32: -1 | IV32: 3 | IW32: 1 | IX32: 2 | IY32: 3 | IZ32: 5 | JA32: 4 | JB32: 3 | JC32: 3 | JD32: 3 | JE32: 3 | JF32: 4 | JG32: 4 | JH32: 1 | JI32: 6 | JJ32: 9 | JK32: 1 | JL32: 10 | JN32: 4 | JP32: 2 | JR32: 3 | JS32: 1 | JT32: 1 | JU32: 2
A33: zky6tm8y | B33: zavh47v5 | C33: 2023-10-11 19:29:03 | D33: 여 | E33: 24 | F33: 20대 | G33: 20~24세 | H33: 경기 | I33: 서울 외 수도권 | J33: 15~24세 | K33: 수도권 | L33: 여 20대 | M33: 여 20~24세 | N33: 여 15~24세 | O33: 1 | S33: 3 | W33: 8 | X33: 5 | AA33: 2 | AJ33: 2 | AN33: 1 | AO33: 2 | AP33: 3 | AR33: 1 | AW33: 13 | AX33: 5 | AY33: 9 | BD33: 3 | BE33: 4 | BF33: 2 | BH33: 1 | BI33: 3 | BJ33: 4 | BK33: 2 | BL33: 3 | BM33: 2 | BN33: 1 | BO33: 4 | BP33: 3 | BU33: 1 | BY33: 2 | CC33: 1 | CD33: 2 | CF33: 70 | CG33: 3 | CH33: 1 | CI33: 2 | CK33: 4 | CL33: 2 | CP33: 3 | CR33: 1 | DB33: 1 | DF33: 5 | DI33: 8 | DL33: 1 | DM33: 3 | DN33: 4 | DO33: 4 | DP33: 3 | DQ33: 1 | DR33: 1 | DT33: 4 | DW33: 2 | EF33: 11 | EJ33: 3 | EL33: 2 | EN33: 4 | ER33: 2 | ES33: 3 | ET33: 3 | EU33: 3 | EV33: 4 | EW33: 1 | EX33: 2 | EY33: 6 | EZ33: 4 | FA33: 2 | FC33: 2 | FD33: 1 | FE33: 90 | FF33: 30 | FG33: 1 | FI33: 1 | FK33: 2 | FM33: 1 | FO33: 1 | FQ33: 1 | FR33: 2 | FU33: 1 | FW33: 3 | FX33: 4 | GB33: -1 | GZ33: -1 | HJ33: 1 | HK33: 4 | HL33: 5 | HM33: 2 | HN33: 1 | HW33: -1 | IV33: 2 | IW33: 1 | IX33: 2 | IY33: 4 | IZ33: 5 | JA33: 2 | JB33: 1 | JC33: 1 | JD33: 3 | JE33: 2 | JF33: 5 | JG33: 1 | JH33: 1 | JI33: 6 | JJ33: 2 | JK33: 2 | JL33: 4 | JN33: 9 | JP33: 2 | JR33: 3 | JS33: 2 | JT33: 2 | JU33: 4
A34: jkf2wo0p | B34: z5tlpumy | C34: 2023-10-11 19:06:29 | D34: 여 | E34: 27 | F34: 20대 | G34: 25~29세 | H34: 인천 | I34: 서울 외 수도권 | J34: 25~34세 | K34: 수도권 | L34: 여 20대 | M34: 여 25~29세 | N34: 여 25~34세 | O34: 1 | P34: -1 | W34: 9 | X34: 4 | Z34: 1 | AA34: 2 | AB34: 3 | AJ34: 1 | AN34: 3 | AO34: 1 | AP34: 2 | AR34: 3 | AS34: 1 | AT34: 2 | AW34: 4 | AX34: 2 | AY34: 13 | AZ34: 9 | BA34: 12 | BD34: 4 | BE34: 2 | BF34: 6 | BH34: 1 | BI34: 4 | BJ34: 4 | BK34: 2 | BL34: 2 | BM34: 3 | BN34: 2 | BO34: 4 | BP34: 3 | BQ34: 2 | BU34: 2 | BY34: 2 | CC34: 4 | CD34: 3 | CF34: 60 | CG34: 3 | CH34: 1 | CI34: 1 | CK34: 4 | CL34: 5 | CM34: 2 | CP34: 3 | CR34: 1 | CY34: 8 | DC34: 2 | DD34: 3 | DL34: 1 | DM34: 2 | DN34: 3 | DO34: 3 | DP34: 3 | DQ34: 1 | DR34: 2 | DT34: 1 | DV34: 1 | EJ34: 2 | EN34: 4 | ER34: 3 | ES34: 4 | ET34: 2 | EU34: 2 | EV34: 2 | EW34: 1 | EX34: 4 | EY34: 8 | EZ34: 4 | FA34: 5 | FC34: 3 | FD34: 1 | FE34: 50 | FF34: 30 | FG34: 1 | FI34: 1 | FK34: 2 | FM34: 2 | FO34: 1 | FQ34: 2 | FR34: 2 | FW34: 3 | FX34: 4 | GK34: 9 | GR34: 16 | GT34: 18 | HB34: 2 | HE34: 5 | HJ34: 1 | HK34: 3 | HL34: 3 | HM34: 2 | HN34: 1 | HW34: -1 | IV34: 3 | IW34: 1 | IX34: 4 | IY34: 4 | IZ34: 4 | JA34: 4 | JB34: 4 | JC34: 4 | JD34: 4 | JE34: 4 | JF34: 4 | JG34: 4 | JH34: 1 | JI34: 6 | JJ34: 2 | JK34: 1 | JL34: 7 | JN34: 5 | JP34: 2 | JR34: 3 | JS34: 3 | JT34: 2 | JU34: 3
A35: rbwfwub8 | B35: xkgorar3 | C35: 2023-10-11 19:25:55 | D35: 남 | E35: 29 | F35: 20대 | G35: 25~29세 | H35: 서울 | I35: 서울 | J35: 25~34세 | K35: 수도권 | L35: 남 20대 | M35: 남 25~29세 | N35: 남 25~34세 | O35: 1 | P35: -1 | W35: 40 | X35: 3 | Z35: 1 | AC35: 4 | AJ35: 1 | AK35: 4 | AN35: 1 | AO35: 2 | AR35: 2 | AS35: 3 | AT35: 1 | AW35: 9 | AX35: 8 | AY35: 13 | BD35: 1 | BE35: 6 | BF35: 2 | BH35: 1 | BI35: 1 | BJ35: 4 | BK35: 4 | BL35: 2 | BM35: 2 | BN35: 3 | BO35: 1 | BP35: 4 | BQ35: 3 | BR35: 2 | BU35: 2 | BV35: 1 | BW35: 3 | BX35: 4 | BY35: 1 | BZ35: 2 | CA35: 3 | CB35: 4 | CC35: 4 | CD35: 2 | CF35: 60 | CG35: 4 | CH35: 1 | CI35: 1 | CK35: 1 | CL35: 3 | CM35: 4 | CN35: 5 | CO35: 2 | CP35: 3 | CX35: 7 | CY35: 8 | DC35: 2 | DG35: 6 | DL35: 2 | DM35: 3 | DN35: 4 | DO35: 4 | DP35: 4 | DQ35: 1 | DR35: 1 | DT35: 2 | EC35: 8 | EJ35: 2 | EL35: 2 | ER35: 2 | ES35: 3 | ET35: 2 | EU35: 3 | EV35: 2 | EW35: 3 | EX35: 3 | EY35: 3 | EZ35: 1 | FA35: 9 | FC35: 3 | FD35: 1 | FE35: 60 | FF35: 30 | FG35: 1 | FI35: 1 | FK35: 2 | FM35: 2 | FO35: 2 | FQ35: 2 | FR35: 1 | FW35: 3 | GB35: -1 | HE35: 5 | HJ35: 1 | HK35: 4 | HL35: 4 | HM35: 1 | HN35: 1 | HW35: -1 | IV35: 3 | IW35: 1 | IX35: 2 | IY35: 3 | IZ35: 3 | JA35: 3 | JB35: 3 | JC35: 3 | JD35: 3 | JE35: 3 | JF35: 3 | JG35: 3 | JH35: 1 | JI35: 6 | JJ35: 2 | JK35: 2 | JL35: 8 | JN35: 1 | JP35: 2 | JR35: 3 | JS35: 1 | JT35: 1 | JU35: 2
A36: q69mt5cd | B36: fogz88ir | C36: 2023-10-11 19:07:03 | D36: 남 | E36: 24 | F36: 20대 | G36: 20~24세 | H36: 대전 | I36: 5대광역시 | J36: 15~24세 | K36: 비수도권 | L36: 남 20대 | M36: 남 20~24세 | N36: 남 15~24세 | O36: 1 | U36: 5 | V36: 교대근무 | W36: 48 | X36: 1 | Y36: -1 | AN36: 1 | AO36: 4 | AP36: 5 | AR36: 5 | AS36: 3 | AT36: 6 | AW36: 11 | AX36: 5 | AY36: 6 | AZ36: 8 | BA36: 13 | BD36: 1 | BE36: 6 | BF36: 3 | BH36: 1 | BI36: 4 | BJ36: 3 | BK36: 5 | BL36: 1 | BM36: 1 | BN36: 4 | BO36: 4 | BU36: 1 | BY36: 3 | CC36: 3 | CD36: 3 | CF36: 30 | CG36: 4 | CH36: 1 | CI36: 2 | CK36: 4 | CP36: 3 | CQ36: -1 | DF36: 5 | DI36: 8 | DL36: 2 | DM36: 5 | DN36: 2 | DO36: 4 | DP36: 3 | DQ36: 1 | DR36: 2 | DT36: 2 | EC36: 8 | EJ36: 3 | EN36: 4 | EO36: 5 | ER36: 3 | ES36: 4 | ET36: 4 | EU36: 3 | EV36: 3 | EW36: 1 | EX36: 3 | EY36: 5 | EZ36: 7 | FC36: 3 | FD36: 1 | FE36: 30 | FF36: 30 | FG36: 2 | FI36: 2 | FK36: 1 | FM36: 1 | FO36: 4 | FQ36: 2 | FR36: 2 | FT36: -1 | GQ36: 15 | GR36: 16 | GU36: 19 | GV36: 20 | GW36: 21 | HC36: 3 | HD36: 4 | HJ36: 1 | HK36: 4 | HL36: 4 | HM36: 2 | HN36: 2 | HP36: 2 | HS36: 5 | HW36: -1 | IV36: 4 | IW36: 1 | IX36: 3 | IY36: 3 | IZ36: 4 | JA36: 4 | JB36: 4 | JC36: 3 | JD36: 3 | JE36: 3 | JF36: 2 | JG36: 5 | JH36: 1 | JI36: 5 | JJ36: 7 | JK36: 2 | JL36: 11 | JN36: 12 | JP36: 1 | JR36: 3 | JS36: 1 | JT36: 1 | JU36: 0
A37: 9oxcuc9j | B37: x2yj7zou | C37: 2023-10-11 19:24:32 | D37: 남 | E37: 52 | F37: 50대 | G37: 50~54세 | H37: 경기 | I37: 서울 외 수도권 | J37: 45~54세 | K37: 수도권 | L37: 남 50대 | M37: 남 50~54세 | N37: 남 45~54세 | O37: 1 | S37: 3 | W37: 40 | X37: 5 | Y37: -1 | AN37: 1 | AO37: 2 | AP37: 4 | AR37: 1 | AS37: 6 | AT37: 2 | AW37: 16 | AX37: 1 | AY37: 5 | BD37: 2 | BE37: 6 | BF37: 4 | BH37: 1 | BI37: 2 | BJ37: 4 | BK37: 5 | BL37: 1 | BM37: 4 | BN37: 4 | BO37: 1 | BP37: 4 | BU37: 1 | BV37: 2 | BY37: 2 | BZ37: 1 | CC37: 4 | CD37: 2 | CF37: 5 | CG37: 5 | CH37: 1 | CI37: 1 | CK37: 4 | CL37: 2 | CP37: 4 | CR37: 1 | CU37: 4 | CW37: 6 | DB37: 1 | DD37: 3 | DF37: 5 | DL37: 3 | DM37: 4 | DN37: 5 | DO37: 4 | DP37: 5 | DQ37: 1 | DR37: 2 | DT37: 4 | DV37: 1 | DW37: 2 | DZ37: 5 | EA37: 6 | EC37: 8 | EJ37: 4 | EK37: 1 | EL37: 2 | EM37: 3 | EN37: 4 | EO37: 5 | ER37: 2 | ES37: 4 | ET37: 4 | EU37: 4 | EV37: 4 | EW37: 3 | EX37: 3 | EY37: 9 | EZ37: 2 | FA37: 5 | FC37: 4 | FD37: 1 | FE37: 60 | FF37: 40 | FG37: 1 | FI37: 1 | FK37: 1 | FM37: 1 | FO37: 3 | FQ37: 2 | FR37: 4 | FW37: 3 | FY37: 5 | GC37: 1 | GI37: 7 | GR37: 16 | HA37: 1 | HE37: 5 | HJ37: 1 | HK37: 4 | HL37: 4 | HM37: 2 | HN37: 2 | HO37: 1 | HP37: 2 | HT37: 6 | HX37: 1 | HY37: 2 | IE37: 1 | IG37: 2 | IJ37: 5 | IV37: 4 | IW37: 1 | IX37: 3 | IY37: 4 | IZ37: 4 | JA37: 4 | JB37: 3 | JC37: 3 | JD37: 4 | JE37: 4 | JF37: 4 | JG37: 4 | JH37: 1 | JI37: 6 | JJ37: 9 | JK37: 5 | JL37: 6 | JN37: 7 | JP37: 1 | JR37: 2 | JS37: 6 | JT37: 4 | JU37: 4
A38: 8cu0p6tg | B38: nylgi0n1 | C38: 2023-10-11 19:11:52 | D38: 여 | E38: 44 | F38: 40대 | G38: 40~44세 | H38: 서울 | I38: 서울 | J38: 35~44세 | K38: 수도권 | L38: 여 40대 | M38: 여 40~44세 | N38: 여 35~44세 | O38: 1 | R38: 2 | W38: 40 | X38: 4 | Z38: 1 | AE38: 6 | AJ38: 1 | AK38: 6 | AN38: 1 | AO38: 4 | AR38: 1 | AS38: 4 | AW38: 13 | AX38: 1 | AY38: 8 | AZ38: 10 | BA38: 9 | BD38: 1 | BE38: 9 | BH38: 1 | BI38: 4 | BJ38: 4 | BK38: 3 | BL38: 2 | BM38: 1 | BN38: 1 | BO38: 4 | BP38: 1 | BU38: 1 | BY38: 1 | CC38: 4 | CD38: 4 | CE38: 0 | CF38: 60 | CG38: 4 | CH38: 1 | CI38: 2 | CK38: 1 | CP38: 4 | CR38: 1 | DE38: 4 | DF38: 5 | DH38: 7 | DL38: 3 | DM38: 4 | DN38: 4 | DO38: 3 | DP38: 3 | DQ38: 1 | DR38: 4 | DT38: 4 | DW38: 2 | DZ38: 5 | EF38: 11 | EJ38: 4 | EL38: 2 | EN38: 4 | ER38: 3 | ES38: 4 | ET38: 4 | EU38: 4 | EV38: 4 | EW38: 1 | EX38: 3 | EY38: 5 | EZ38: 2 | FC38: 3 | FD38: 1 | FE38: 120 | FF38: 60 | FG38: 1 | FI38: 1 | FK38: 2 | FM38: 2 | FO38: 2 | FQ38: 1 | FR38: 3 | FU38: 1 | GC38: 1 | GE38: 3 | GK38: 9 | GO38: 13 | GQ38: 15 | GR38: 16 | GT38: 18 | GW38: 21 | HA38: 1 | HC38: 3 | HD38: 4 | HE38: 5 | HJ38: 1 | HK38: 4 | HL38: 3 | HM38: 2 | HN38: 2 | HR38: 4 | HS38: 5 | HT38: 6 | HX38: 1 | IE38: 2 | IN38: 1 | IV38: 3 | IW38: 1 | IX38: 4 | IY38: 4 | IZ38: 4 | JA38: 4 | JB38: 4 | JC38: 4 | JD38: 4 | JE38: 4 | JF38: 4 | JG38: 4 | JH38: 1 | JI38: 6 | JJ38: 2 | JK38: 5 | JL38: 3 | JN38: 1 | JP38: 1 | JR38: 3 | JS38: 6 | JT38: 6 | JU38: 3
A39: fve71oiq | B39: 9rydsiii | C39: 2023-10-11 20:13:12 | D39: 여 | E39: 50 | F39: 50대 | G39: 50~54세 | H39: 서울 | I39: 서울 | J39: 45~54세 | K39: 수도권 | L39: 여 50대 | M39: 여 50~54세 | N39: 여 45~54세 | O39: 1 | Q39: 1 | W39: 36 | X39: 3 | Y39: -1 | AN39: 4 | AR39: 4 | AW39: 3 | AX39: 2 | BD39: 1 | BE39: 4 | BF39: 3 | BH39: 1 | BI39: 3 | BJ39: 2 | BK39: 2 | BL39: 1 | BM39: 1 | BN39: 5 | BO39: 3 | BU39: 2 | BY39: 2 | CC39: 1 | CD39: 1 | CF39: 60 | CG39: 5 | CH39: 1 | CI39: 1 | CK39: 4 | CP39: 3 | CR39: 1 | CT39: 3 | CV39: 5 | DD39: 3 | DL39: 1 | DM39: 4 | DN39: 4 | DO39: 3 | DP39: 4 | DQ39: 1 | DR39: 3 | DT39: 2 | DZ39: 5 | EB39: 7 | EC39: 8 | EF39: 11 | EJ39: 5 | EL39: 2 | ER39: 3 | ES39: 5 | ET39: 5 | EU39: 5 | EV39: 4 | EW39: 3 | EX39: 1 | EY39: 3 | EZ39: 7 | FA39: 6 | FC39: 4 | FD39: 1 | FE39: 30 | FF39: 60 | FG39: 1 | FI39: 1 | FK39: 1 | FM39: 1 | FO39: 3 | FQ39: 1 | FR39: 3 | FW39: 3 | FY39: 5 | GC39: 1 | GR39: 16 | GV39: 20 | HA39: 1 | HE39: 5 | HJ39: 1 | HK39: 4 | HL39: 3 | HM39: 1 | HN39: 2 | HO39: 1 | HQ39: 3 | HX39: 1 | IE39: 3 | IH39: 3 | IQ39: 4 | IV39: 4 | IW39: 1 | IX39: 3 | IY39: 4 | IZ39: 4 | JA39: 4 | JB39: 4 | JC39: 4 | JD39: 4 | JE39: 3 | JF39: 4 | JG39: 4 | JH39: 1 | JI39: 5 | JJ39: 9 | JK39: 4 | JL39: 11 | JN39: 12 | JP39: 4 | JR39: 3 | JS39: 2 | JT39: 2 | JU39: 2
A40: pcgzijzf | B40: cjvkwedy | C40: 2023-10-11 19:18:52 | D40: 여 | E40: 44 | F40: 40대 | G40: 40~44세 | H40: 서울 | I40: 서울 | J40: 35~44세 | K40: 수도권 | L40: 여 40대 | M40: 여 40~44세 | N40: 여 35~44세 | O40: 1 | P40: -1 | W40: 8 | X40: 6 | Z40: 1 | AJ40: 1 | AN40: 2 | AR40: 4 | AW40: 2 | BD40: 9 | BE40: 8 | BH40: 1 | BI40: 2 | BJ40: 3 | BK40: 3 | BL40: 2 | BM40: 3 | BN40: 2 | BO40: 2 | BU40: 3 | BY40: 2 | CC40: 3 | CD40: 2 | CF40: 90 | CG40: 3 | CH40: 1 | CI40: 2 | CK40: 4 | CP40: 3 | CY40: 8 | DH40: 7 | DL40: 2 | DM40: 3 | DN40: 3 | DO40: 3 | DP40: 3 | DQ40: 1 | DR40: 2 | DT40: 1 | DX40: 3 | EA40: 6 | EJ40: 3 | EN40: 4 | ER40: 2 | ES40: 3 | ET40: 3 | EU40: 3 | EV40: 3 | EW40: 2 | EX40: 3 | EY40: 6 | FC40: 3 | FD40: 1 | FE40: 90 | FF40: 50 | FG40: 2 | FI40: 1 | FK40: 1 | FM40: 1 | FO40: 3 | FQ40: 1 | FR40: 4 | FX40: 4 | GM40: 11 | GT40: 18 | HB40: 2 | HE40: 5 | HJ40: 1 | HK40: 3 | HL40: 3 | HM40: 2 | HN40: 1 | IA40: 4 | IE40: 2 | IO40: 2 | IV40: 3 | IW40: 1 | IX40: 3 | IY40: 3 | IZ40: 3 | JA40: 3 | JB40: 3 | JC40: 3 | JD40: 3 | JE40: 3 | JF40: 3 | JG40: 3 | JH40: 1 | JI40: 6 | JJ40: 9 | JK40: 2 | JL40: 3 | JN40: 2 | JP40: 2 | JR40: 2 | JS40: 6 | JT40: 2 | JU40: 5
A41: iwmxd3kr | B41: nhy07lk0 | C41: 2023-10-11 19:07:06 | D41: 여 | E41: 29 | F41: 20대 | G41: 25~29세 | H41: 서울 | I41: 서울 | J41: 25~34세 | K41: 수도권 | L41: 여 20대 | M41: 여 25~29세 | N41: 여 25~34세 | O41: 1 | R41: 2 | W41: 8 | X41: 4 | Z41: 1 | AA41: 2 | AJ41: 1 | AK41: 2 | AN41: 1 | AO41: 2 | AP41: 3 | AR41: 3 | AS41: 1 | AT41: 2 | AW41: 13 | AX41: 8 | AY41: 1 | AZ41: 9 | BA41: 16 | BD41: 3 | BE41: 6 | BF41: 9 | BH41: 1 | BI41: 3 | BJ41: 4 | BK41: 1 | BL41: 1 | BM41: 2 | BN41: 2 | BO41: 4 | BP41: 1 | BQ41: 3 | BU41: 2 | BY41: 2 | CC41: 4 | CD41: 2 | CF41: 60 | CG41: 2 | CH41: 1 | CI41: 3 | CK41: 4 | CL41: 3 | CP41: 3 | CU41: 4 | DE41: 4 | DL41: 2 | DM41: 4 | DN41: 4 | DO41: 3 | DP41: 2 | DQ41: 1 | DR41: 2 | DT41: 1 | DW41: 2 | DZ41: 5 | EC41: 8 | ED41: 9 | EF41: 11 | EJ41: 4 | EL41: 2 | EN41: 4 | ER41: 3 | ES41: 4 | ET41: 4 | EU41: 4 | EV41: 4 | EW41: 1 | EX41: 2 | EY41: 5 | EZ41: 1 | FC41: 3 | FD41: 1 | FE41: 60 | FF41: 60 | FG41: 1 | FI41: 1 | FK41: 2 | FM41: 2 | FO41: 2 | FQ41: 1 | FR41: 3 | FU41: 1 | FX41: 4 | GQ41: 15 | HA41: 1 | HC41: 3 | HD41: 4 | HE41: 5 | HJ41: 1 | HK41: 3 | HL41: 3 | HM41: 2 | HN41: 1 | HZ41: 3 | IE41: 1 | IK41: 6 | IV41: 3 | IW41: 1 | IX41: 2 | IY41: 4 | IZ41: 4 | JA41: 3 | JB41: 3 | JC41: 4 | JD41: 3 | JE41: 2 | JF41: 3 | JG41: 4 | JH41: 1 | JI41: 6 | JJ41: 9 | JK41: 4 | JL41: 6 | JN41: 3 | JP41: 2 | JR41: 3 | JS41: 2 | JT41: 2 | JU41: 3
A42: py5wv1z1 | B42: pultk9so | C42: 2023-10-11 21:48:19 | D42: 여 | E42: 25 | F42: 20대 | G42: 25~29세 | H42: 서울 | I42: 서울 | J42: 25~34세 | K42: 수도권 | L42: 여 20대 | M42: 여 25~29세 | N42: 여 25~34세 | O42: 1 | Q42: 1 | R42: 2 | W42: 63 | X42: 3 | Z42: 1 | AA42: 2 | AJ42: 1 | AK42: 2 | AN42: 1 | AO42: 4 | AP42: 2 | AR42: 3 | AS42: 5 | AT42: 2 | AW42: 8 | AX42: 2 | AY42: 10 | AZ42: 15 | BA42: 12 | BD42: 3 | BE42: 7 | BF42: 1 | BH42: 1 | BI42: 4 | BJ42: 3 | BK42: 5 | BL42: 3 | BM42: 4 | BN42: 2 | BO42: 3 | BP42: 1 | BQ42: 4 | BR42: 2 | BU42: 2 | BV42: 3 | BY42: 2 | BZ42: 1 | CC42: 1 | CD42: 2 | CF42: 80 | CG42: 3 | CH42: 1 | CI42: 3 | CK42: 4 | CL42: 1 | CP42: 2 | CS42: 2 | CT42: 3 | CX42: 7 | DC42: 2 | DG42: 6 | DH42: 7 | DL42: 2 | DM42: 3 | DN42: 5 | DO42: 2 | DP42: 1 | DQ42: 1 | DR42: 4 | DT42: 1 | DW42: 2 | ED42: 9 | EJ42: 3 | EP42: 6 | EQ42: 없음 | ER42: 1 | ES42: 3 | ET42: 4 | EU42: 2 | EV42: 2 | EW42: 2 | EX42: 3 | EY42: 7 | EZ42: 9 | FA42: 5 | FC42: 3 | FD42: 1 | FE42: 60 | FF42: 40 | FG42: 1 | FI42: 1 | FK42: 1 | FM42: 2 | FO42: 3 | FQ42: 2 | FR42: 1 | FU42: 1 | FW42: 3 | GD42: 2 | GR42: 16 | HA42: 1 | HB42: 2 | HE42: 5 | HJ42: 1 | HK42: 4 | HL42: 4 | HM42: 2 | HN42: 1 | HW42: -1 | IV42: 1 | IW42: 1 | IX42: 3 | IY42: 3 | IZ42: 5 | JA42: 4 | JB42: 3 | JC42: 2 | JD42: 3 | JE42: 3 | JF42: 4 | JG42: 3 | JH42: 1 | JI42: 6 | JJ42: 9 | JK42: 3 | JL42: 1 | JN42: 1 | JP42: 2 | JR42: 3 | JS42: 2 | JT42: 2 | JU42: 2
A43: 88yp3ocs | B43: roh8wmqe | C43: 2023-10-11 19:28:07 | D43: 남 | E43: 49 | F43: 40대 | G43: 45~49세 | H43: 인천 | I43: 서울 외 수도권 | J43: 45~54세 | K43: 수도권 | L43: 남 40대 | M43: 남 45~49세 | N43: 남 45~54세 | O43: 1 | Q43: 1 | R43: 2 | S43: 3 | W43: 40 | X43: 3 | Y43: -1 | AN43: 2 | AO43: 1 | AP43: 4 | AR43: 4 | AS43: 1 | AT43: 2 | AW43: 10 | AX43: 2 | AY43: 9 | AZ43: 8 | BA43: 12 | BD43: 4 | BE43: 7 | BF43: 5 | BH43: 1 | BI43: 3 | BJ43: 1 | BK43: 2 | BL43: 1 | BM43: 3 | BN43: 4 | BO43: 4 | BP43: 3 | BQ43: 1 | BU43: 3 | BV43: 2 | BW43: 1 | BY43: 1 | BZ43: 2 | CA43: 3 | CB43: 4 | CC43: 1 | CD43: 1 | CF43: 70 | CG43: 3 | CH43: 1 | CI43: 1 | CK43: 4 | CL43: 2 | CM43: 5 | CN43: 1 | CO43: 3 | CP43: 4 | CR43: 1 | CS43: 2 | CT43: 3 | DB43: 1 | DC43: 2 | DD43: 3 | DL43: 3 | DM43: 1 | DN43: 1 | DO43: 1 | DP43: 2 | DQ43: 1 | DR43: 2 | DT43: 2 | DZ43: 5 | EC43: 8 | EJ43: 3 | EL43: 2 | EM43: 3 | EN43: 4 | ER43: 2 | ES43: 3 | ET43: 4 | EU43: 4 | EV43: 4 | EW43: 2 | EX43: 2 | EY43: 3 | EZ43: 5 | FA43: 1 | FC43: 3 | FD43: 1 | FE43: 30 | FF43: 40 | FG43: 1 | FI43: 1 | FK43: 2 | FM43: 1 | FO43: 1 | FQ43: 1 | FR43: 2 | FW43: 3 | GD43: 2 | GP43: 14 | HA43: 1 | HB43: 2 | HE43: 5 | HJ43: 1 | HK43: 3 | HL43: 5 | HM43: 2 | HN43: 2 | HQ43: 3 | HS43: 5 | HX43: 1 | IA43: 4 | IB43: 5 | IE43: 3 | II43: 4 | IQ43: 4 | IR43: 5 | IV43: 3 | IW43: 1 | IX43: 2 | IY43: 1 | IZ43: 4 | JA43: 2 | JB43: 3 | JC43: 3 | JD43: 2 | JE43: 2 | JF43: 4 | JG43: 4 | JH43: 1 | JI43: 6 | JJ43: 2 | JK43: 4 | JL43: 11 | JN43: 9 | JP43: 4 | JR43: 3 | JS43: 5 | JT43: 5 | JU43: 2
A44: cp4c7fyf | B44: ishy13fk | C44: 2023-10-11 19:24:55 | D44: 남 | E44: 49 | F44: 40대 | G44: 45~49세 | H44: 부산 | I44: 5대광역시 | J44: 45~54세 | K44: 비수도권 | L44: 남 40대 | M44: 남 45~49세 | N44: 남 45~54세 | O44: 1 | P44: -1 | W44: 40 | X44: 4 | Y44: -1 | AN44: 1 | AO44: 4 | AR44: 1 | AS44: 4 | AT44: 6 | AW44: 9 | AX44: 10 | AY44: 8 | BD44: 4 | BE44: 9 | BF44: 2 | BH44: 1 | BI44: 1 | BJ44: 2 | BK44: 3 | BL44: 2 | BM44: 2 | BN44: 2 | BO44: 1 | BP44: 3 | BQ44: 4 | BU44: 2 | BV44: 1 | BY44: 1 | BZ44: 2 | CA44: 3 | CC44: 3 | CD44: 1 | CF44: 50 | CG44: 4 | CH44: 1 | CI44: 1 | CK44: 4 | CL44: 1 | CM44: 2 | CP44: 3 | CS44: 2 | CT44: 3 | DC44: 2 | DD44: 3 | DG44: 6 | DL44: 2 | DM44: 3 | DN44: 3 | DO44: 4 | DP44: 3 | DQ44: 1 | DR44: 2 | DT44: 1 | DW44: 2 | DZ44: 5 | EJ44: 3 | EK44: 1 | ER44: 2 | ES44: 3 | ET44: 3 | EU44: 3 | EV44: 3 | EW44: 1 | EX44: 3 | EY44: 8 | EZ44: 2 | FA44: 3 | FC44: 3 | FD44: 1 | FE44: 50 | FF44: 20 | FG44: 1 | FI44: 1 | FK44: 2 | FM44: 2 | FO44: 1 | FQ44: 2 | FR44: 2 | FU44: 1 | FY44: 5 | GK44: 9 | HA44: 1 | HE44: 5 | HJ44: 1 | HK44: 4 | HL44: 4 | HM44: 2 | HN44: 1 | HX44: 1 | HZ44: 3 | IE44: 3 | IH44: 3 | IJ44: 5 | IQ44: 4 | IV44: 3 | IW44: 1 | IX44: 3 | IY44: 3 | IZ44: 4 | JA44: 3 | JB44: 3 | JC44: 3 | JD44: 3 | JE44: 3 | JF44: 4 | JG44: 3 | JH44: 1 | JI44: 4 | JJ44: 11 | JK44: 4 | JL44: 3 | JN44: 7 | JP44: 2 | JR44: 2 | JS44: 6 | JT44: 5 | JU44: 3
A45: 6f31oxy9 | B45: 2dwwk5f9 | C45: 2023-10-11 19:42:43 | D45: 여 | E45: 37 | F45: 30대 | G45: 35~39세 | H45: 경기 | I45: 서울 외 수도권 | J45: 35~44세 | K45: 수도권 | L45: 여 30대 | M45: 여 35~39세 | N45: 여 35~44세 | O45: 1 | Q45: 1 | R45: 2 | S45: 3 | W45: 40 | X45: 4 | Z45: 1 | AA45: 2 | AJ45: 1 | AK45: 2 | AN45: 2 | AO45: 4 | AP45: 1 | AR45: 5 | AS45: 4 | AT45: 2 | AW45: 12 | AX45: 14 | AY45: 10 | AZ45: 8 | BA45: 1 | BD45: 3 | BE45: 1 | BF45: 7 | BH45: 1 | BI45: 3 | BJ45: 5 | BK45: 2 | BL45: 2 | BM45: 5 | BN45: 1 | BO45: 3 | BP45: 4 | BQ45: 1 | BR45: 2 | BU45: 1 | BV45: 2 | BW45: 3 | BX45: 4 | BY45: 1 | BZ45: 2 | CA45: 3 | CB45: 4 | CC45: 1 | CD45: 1 | CF45: 70 | CG45: 3 | CH45: 1 | CI45: 1 | CK45: 4 | CL45: 1 | CP45: 2 | CR45: 1 | CT45: 3 | CU45: 4 | DB45: 1 | DG45: 6 | DH45: 7 | DL45: 2 | DM45: 2 | DN45: 2 | DO45: 2 | DP45: 3 | DQ45: 1 | DR45: 2 | DT45: 2 | DW45: 2 | DZ45: 5 | EC45: 8 | EE45: 10 | EJ45: 1 | EK45: 1 | EL45: 2 | EN45: 4 | ER45: 2 | ES45: 2 | ET45: 3 | EU45: 3 | EV45: 3 | EW45: 2 | EX45: 2 | EY45: 4 | EZ45: 1 | FA45: 3 | FC45: 3 | FD45: 1 | FE45: 100 | FF45: 30 | FG45: 1 | FI45: 1 | FK45: 3 | FM45: 3 | FO45: 1 | FQ45: 2 | FR45: 1 | FU45: 1 | FW45: 3 | FY45: 5 | GK45: 9 | GO45: 13 | GP45: 14 | GQ45: 15 | GV45: 20 | GW45: 21 | HA45: 1 | HB45: 2 | HJ45: 1 | HK45: 4 | HL45: 4 | HM45: 2 | HN45: 2 | HQ45: 3 | HR45: 4 | HX45: 1 | IE45: 3 | IJ45: 5 | IK45: 6 | IP45: 3 | IQ45: 4 | IV45: 3 | IW45: 1 | IX45: 2 | IY45: 2 | IZ45: 2 | JA45: 3 | JB45: 3 | JC45: 2 | JD45: 2 | JE45: 2 | JF45: 2 | JG45: 4 | JH45: 1 | JI45: 6 | JJ45: 11 | JK45: 5 | JL45: 11 | JN45: 1 | JP45: 4 | JR45: 3 | JS45: 5 | JT45: 3 | JU45: 3
A46: jl19cc4a | B46: fvk60a04 | C46: 2023-10-11 19:07:06 | D46: 여 | E46: 34 | F46: 30대 | G46: 30~34세 | H46: 경기 | I46: 서울 외 수도권 | J46: 25~34세 | K46: 수도권 | L46: 여 30대 | M46: 여 30~34세 | N46: 여 25~34세 | O46: 1 | P46: -1 | W46: 45 | X46: 4 | Z46: 1 | AA46: 2 | AB46: 3 | AJ46: 1 | AK46: 2 | AL46: 3 | AN46: 1 | AO46: 4 | AP46: 3 | AR46: 1 | AS46: 4 | AT46: 3 | AW46: 2 | AX46: 9 | AY46: 5 | AZ46: 10 | BA46: 8 | BD46: 2 | BE46: 1 | BF46: 4 | BH46: 1 | BI46: 1 | BJ46: 4 | BK46: 3 | BL46: 3 | BM46: 3 | BN46: 5 | BO46: 2 | BP46: 4 | BQ46: 3 | BR46: 1 | BU46: 2 | BV46: 1 | BW46: 3 | BX46: 4 | BY46: 1 | BZ46: 2 | CA46: 3 | CB46: 4 | CC46: 4 | CD46: 1 | CF46: 75 | CG46: 3 | CH46: 1 | CI46: 5 | CK46: 1 | CL46: 2 | CP46: 3 | CR46: 1 | CS46: 2 | CT46: 3 | CV46: 5 | CW46: 6 | CX46: 7 | CY46: 8 | DE46: 4 | DF46: 5 | DH46: 7 | DL46: 1 | DM46: 2 | DN46: 4 | DO46: 2 | DP46: 3 | DQ46: 1 | DR46: 2 | DT46: 1 | DW46: 2 | DZ46: 5 | EJ46: 2 | EK46: 1 | EN46: 4 | ER46: 1 | ES46: 2 | ET46: 2 | EU46: 2 | EV46: 4 | EW46: 4 | EX46: 4 | EY46: 1 | EZ46: 3 | FC46: 3 | FD46: 1 | FE46: 50 | FF46: 30 | FG46: 1 | FI46: 1 | FK46: 2 | FM46: 2 | FO46: 1 | FQ46: 2 | FR46: 1 | FT46: -1 | GB46: -1 | HA46: 1 | HC46: 3 | HD46: 4 | HE46: 5 | HJ46: 1 | HK46: 3 | HL46: 3 | HM46: 1 | HN46: 1 | HX46: 1 | IE46: 3 | II46: 4 | IR46: 5 | IV46: 3 | IW46: 1 | IX46: 3 | IY46: 3 | IZ46: 3 | JA46: 3 | JB46: 3 | JC46: 3 | JD46: 3 | JE46: 3 | JF46: 3 | JG46: 3 | JH46: 1 | JI46: 6 | JJ46: 9 | JK46: 3 | JL46: 8 | JN46: 1 | JP46: 1 | JR46: 3 | JS46: 3 | JT46: 2 | JU46: 3
A47: nwunksyg | B47: 24ulmewo | C47: 2023-10-11 19:20:18 | D47: 남 | E47: 24 | F47: 20대 | G47: 20~24세 | H47: 서울 | I47: 서울 | J47: 15~24세 | K47: 수도권 | L47: 남 20대 | M47: 남 20~24세 | N47: 남 15~24세 | O47: 1 | Q47: 1 | S47: 3 | W47: 40 | X47: 3 | Z47: 1 | AA47: 2 | AJ47: 2 | AN47: 1 | AO47: 4 | AR47: 1 | AS47: 2 | AW47: 9 | AX47: 10 | AY47: 1 | BD47: 9 | BE47: 1 | BF47: 2 | BH47: 1 | BI47: 1 | BJ47: 4 | BK47: 4 | BL47: 4 | BM47: 4 | BN47: 2 | BO47: 3 | BP47: 4 | BQ47: 1 | BR47: 2 | BU47: 2 | BV47: 1 | BW47: 3 | BX47: 4 | BY47: 2 | BZ47: 1 | CA47: 3 | CB47: 4 | CC47: 5 | CD47: 4 | CE47: 1 | CF47: 70 | CG47: 2 | CH47: 1 | CI47: 5 | CK47: 1 | CL47: 4 | CM47: 2 | CP47: 3 | CR47: 1 | CU47: 4 | CV47: 5 | DC47: 2 | DD47: 3 | DI47: 8 | DL47: 3 | DM47: 4 | DN47: 4 | DO47: 3 | DP47: 2 | DQ47: 1 | DR47: 5 | DS47: 딱히 보고 및 결재하지 않음 | DT47: 1 | DW47: 2 | DZ47: 5 | ED47: 9 | EF47: 11 | EJ47: 2 | EK47: 1 | ER47: 2 | ES47: 3 | ET47: 2 | EU47: 2 | EV47: 2 | EW47: 3 | EX47: 2 | EY47: 1 | EZ47: 9 | FA47: 3 | FC47: 3 | FD47: 1 | FE47: 60 | FF47: 30 | FG47: 3 | FI47: 1 | FK47: 1 | FM47: 1 | FO47: 3 | FQ47: 2 | FR47: 2 | FW47: 3 | FX47: 4 | GB47: -1 | HA47: 1 | HD47: 4 | HE47: 5 | HJ47: 1 | HK47: 4 | HL47: 4 | HM47: 2 | HN47: 2 | HP47: 2 | HQ47: 3 | HR47: 4 | HS47: 5 | HT47: 6 | HW47: -1 | IV47: 2 | IW47: 1 | IX47: 4 | IY47: 3 | IZ47: 5 | JA47: 4 | JB47: 3 | JC47: 4 | JD47: 3 | JE47: 2 | JF47: 5 | JG47: 3 | JH47: 1 | JI47: 6 | JJ47: 9 | JK47: 3 | JL47: 1 | JN47: 1 | JP47: 2 | JR47: 3 | JS47: 2 | JT47: 2 | JU47: 2
A48: 23yknm16 | B48: 86sp9tb2 | C48: 2023-10-11 19:31:09 | D48: 여 | E48: 32 | F48: 30대 | G48: 30~34세 | H48: 서울 | I48: 서울 | J48: 25~34세 | K48: 수도권 | L48: 여 30대 | M48: 여 30~34세 | N48: 여 25~34세 | O48: 1 | Q48: 1 | R48: 2 | S48: 3 | W48: 40 | X48: 6 | Z48: 1 | AA48: 2 | AJ48: 1 | AK48: 2 | AN48: 1 | AO48: 2 | AP48: 3 | AR48: 3 | AS48: 2 | AT48: 1 | AW48: 8 | AX48: 9 | AY48: 10 | AZ48: 13 | BA48: 3 | BC48: -1 | BH48: 1 | BI48: 1 | BJ48: 2 | BK48: 4 | BL48: 4 | BM48: 2 | BN48: 4 | BO48: 2 | BP48: 4 | BQ48: 1 | BR48: 3 | BU48: 2 | BY48: 1 | CC48: 2 | CD48: 1 | CF48: 50 | CG48: 5 | CH48: 1 | CI48: 1 | CK48: 1 | CL48: 4 | CP48: 2 | CQ48: -1 | DD48: 3 | DH48: 7 | DI48: 8 | DL48: 2 | DM48: 4 | DN48: 4 | DO48: 4 | DP48: 5 | DQ48: 1 | DR48: 2 | DT48: 2 | DZ48: 5 | EC48: 8 | EE48: 10 | EJ48: 2 | EL48: 2 | EN48: 4 | ER48: 2 | ES48: 2 | ET48: 3 | EU48: 2 | EV48: 2 | EW48: 3 | EX48: 2 | EY48: 3 | EZ48: 4 | FA48: 1 | FC48: 3 | FD48: 1 | FE48: 30 | FF48: 40 | FG48: 1 | FI48: 1 | FK48: 2 | FM48: 2 | FO48: 1 | FQ48: 2 | FR48: 2 | FW48: 3 | GJ48: 8 | GZ48: -1 | HJ48: 1 | HK48: 3 | HL48: 3 | HM48: 1 | HN48: 1 | HW48: -1 | IV48: 4 | IW48: 1 | IX48: 2 | IY48: 2 | IZ48: 3 | JA48: 3 | JB48: 3 | JC48: 2 | JD48: 2 | JE48: 2 | JF48: 4 | JG48: 2 | JH48: 1 | JI48: 6 | JJ48: 9 | JK48: 3 | JL48: 11 | JN48: 3 | JP48: 4 | JR48: 2 | JS48: 3 | JT48: 3 | JU48: 5
A49: ppibhfr7 | B49: rql0qr89 | C49: 2023-10-11 19:56:36 | D49: 남 | E49: 39 | F49: 30대 | G49: 35~39세 | H49: 서울 | I49: 서울 | J49: 35~44세 | K49: 수도권 | L49: 남 30대 | M49: 남 35~39세 | N49: 남 35~44세 | O49: 1 | P49: -1 | W49: 40 | X49: 6 | Z49: 1 | AB49: 3 | AJ49: 1 | AK49: 3 | AN49: 1 | AO49: 4 | AP49: 3 | AR49: 1 | AS49: 4 | AT49: 2 | AW49: 2 | AX49: 9 | AY49: 8 | BD49: 7 | BE49: 1 | BF49: 10 | BH49: 1 | BI49: 1 | BJ49: 3 | BK49: 1 | BL49: 1 | BM49: 5 | BN49: 1 | BO49: 4 | BP49: 1 | BQ49: 3 | BR49: 2 | BU49: 2 | BY49: 2 | BZ49: 1 | CA49: 3 | CB49: 4 | CC49: 4 | CD49: 2 | CF49: 90 | CG49: 4 | CH49: 1 | CI49: 1 | CK49: 1 | CL49: 4 | CP49: 2 | CR49: 1 | CT49: 3 | DB49: 1 | DD49: 3 | DI49: 8 | DL49: 2 | DM49: 3 | DN49: 3 | DO49: 3 | DP49: 3 | DQ49: 1 | DR49: 4 | DT49: 1 | DV49: 1 | DW49: 2 | DY49: 4 | DZ49: 5 | EA49: 6 | EB49: 7 | EC49: 8 | ED49: 9 | EF49: 11 | EJ49: 3 | EK49: 1 | EN49: 4 | ER49: 3 | ES49: 3 | ET49: 3 | EU49: 3 | EV49: 3 | EW49: 1 | EX49: 3 | EY49: 1 | EZ49: 9 | FA49: 3 | FC49: 3 | FD49: 1 | FE49: 40 | FF49: 30 | FG49: 1 | FI49: 1 | FK49: 2 | FM49: 2 | FO49: 1 | FQ49: 2 | FR49: 2 | FT49: -1 | GB49: -1 | HA49: 1 | HE49: 5 | HJ49: 1 | HK49: 5 | HL49: 5 | HM49: 1 | HN49: 1 | HZ49: 3 | IE49: 3 | IG49: 2 | IH49: 3 | II49: 4 | IJ49: 5 | IK49: 6 | IO49: 2 | IV49: 3 | IW49: 1 | IX49: 3 | IY49: 3 | IZ49: 3 | JA49: 3 | JB49: 3 | JC49: 3 | JD49: 3 | JE49: 3 | JF49: 3 | JG49: 3 | JH49: 1 | JI49: 6 | JJ49: 9 | JK49: 3 | JL49: 1 | JN49: 7 | JP49: 2 | JR49: 2 | JS49: 4 | JT49: 4 | JU49: 5
A50: iegcodq7 | B50: p7scb8y8 | C50: 2023-10-11 19:21:04 | D50: 남 | E50: 50 | F50: 50대 | G50: 50~54세 | H50: 인천 | I50: 서울 외 수도권 | J50: 45~54세 | K50: 수도권 | L50: 남 50대 | M50: 남 50~54세 | N50: 남 45~54세 | O50: 1 | S50: 3 | W50: 40 | X50: 1 | AA50: 2 | AJ50: 2 | AN50: 1 | AR50: 4 | AW50: 10 | AX50: 9 | AY50: 15 | BD50: 3 | BE50: 1 | BF50: 4 | BH50: 1 | BI50: 1 | BJ50: 2 | BK50: 4 | BL50: 2 | BM50: 2 | BN50: 4 | BO50: 1 | BP50: 3 | BU50: 1 | BY50: 1 | CC50: 3 | CD50: 3 | CF50: 20 | CG50: 4 | CH50: 1 | CI50: 1 | CK50: 4 | CL50: 2 | CP50: 3 | CR50: 1 | CT50: 3 | DC50: 2 | DD50: 3 | DL50: 2 | DM50: 5 | DN50: 4 | DO50: 3 | DP50: 3 | DQ50: 1 | DR50: 4 | DT50: 3 | DW50: 2 | EA50: 6 | EC50: 8 | EJ50: 4 | EL50: 2 | EN50: 4 | ER50: 2 | ES50: 3 | ET50: 4 | EU50: 4 | EV50: 4 | EW50: 2 | EX50: 3 | EY50: 1 | EZ50: 6 | FA50: 3 | FC50: 3 | FD50: 1 | FE50: 25 | FF50: 40 | FG50: 1 | FI50: 1 | FK50: 3 | FM50: 3 | FO50: 1 | FQ50: 2 | FR50: 3 | FU50: 1 | FV50: 2 | FW50: 3 | FY50: 5 | GD50: 2 | GK50: 9 | GN50: 12 | GO50: 13 | GQ50: 15 | GU50: 19 | GV50: 20 | GW50: 21 | HA50: 1 | HD50: 4 | HE50: 5 | HJ50: 1 | HK50: 4 | HL50: 4 | HM50: 2 | HN50: 1 | HW50: -1 | IV50: 3 | IW50: 1 | IX50: 3 | IY50: 3 | IZ50: 4 | JA50: 4 | JB50: 3 | JC50: 4 | JD50: 4 | JE50: 3 | JF50: 4 | JG50: 4 | JH50: 1 | JI50: 6 | JJ50: 11 | JK50: 4 | JL50: 11 | JN50: 11 | JP50: 4 | JR50: 2 | JS50: 6 | JT50: 6 | JU50: 0
A51: f6zlvvsh | B51: cpa6t12u | C51: 2023-10-11 19:19:18 | D51: 여 | E51: 40 | F51: 40대 | G51: 40~44세 | H51: 경기 | I51: 서울 외 수도권 | J51: 35~44세 | K51: 수도권 | L51: 여 40대 | M51: 여 40~44세 | N51: 여 35~44세 | O51: 1 | R51: 2 | T51: 4 | W51: 48 | X51: 3 | AA51: 2 | AE51: 6 | AJ51: 2 | AK51: 6 | AN51: 2 | AO51: 3 | AP51: 5 | AR51: 2 | AS51: 5 | AT51: 6 | AW51: 3 | AX51: 4 | AY51: 2 | AZ51: 13 | BD51: 1 | BE51: 3 | BF51: 6 | BH51: 1 | BI51: 3 | BJ51: 4 | BK51: 4 | BL51: 4 | BM51: 2 | BN51: 2 | BO51: 2 | BP51: 3 | BQ51: 1 | BU51: 2 | BV51: 3 | BY51: 1 | BZ51: 2 | CC51: 3 | CD51: 2 | CF51: 75 | CG51: 3 | CH51: 1 | CI51: 3 | CK51: 3 | CL51: 4 | CM51: 1 | CP51: 3 | CV51: 5 | CY51: 8 | DB51: 1 | DD51: 3 | DE51: 4 | DL51: 2 | DM51: 2 | DN51: 4 | DO51: 4 | DP51: 3 | DQ51: 1 | DR51: 2 | DT51: 1 | EC51: 8 | ED51: 9 | EJ51: 2 | EO51: 5 | ER51: 3 | ES51: 3 | ET51: 3 | EU51: 4 | EV51: 2 | EW51: 4 | EX51: 2 | EY51: 8 | EZ51: 7 | FA51: 3 | FC51: 3 | FD51: 1 | FE51: 100 | FF51: 60 | FG51: 1 | FI51: 1 | FK51: 2 | FM51: 3 | FO51: 3 | FQ51: 2 | FR51: 2 | FV51: 2 | FW51: 3 | GC51: 1 | GQ51: 15 | GT51: 18 | GV51: 20 | GW51: 21 | HD51: 4 | HE51: 5 | HJ51: 1 | HK51: 3 | HL51: 4 | HM51: 1 | HN51: 2 | HQ51: 3 | HR51: 4 | HT51: 6 | HW51: -1 | IV51: 3 | IW51: 1 | IX51: 3 | IY51: 3 | IZ51: 3 | JA51: 2 | JB51: 2 | JC51: 4 | JD51: 3 | JE51: 3 | JF51: 4 | JG51: 4 | JH51: 1 | JI51: 5 | JJ51: 2 | JK51: 3 | JL51: 1 | JN51: 5 | JP51: 2 | JR51: 3 | JS51: 5 | JT51: 1 | JU51: 2
A52: f1oonlfg | B52: imwf2cu5 | C52: 2023-10-11 19:19:28 | D52: 여 | E52: 58 | F52: 50대 | G52: 55~59세 | H52: 서울 | I52: 서울 | J52: 55~64세 | K52: 수도권 | L52: 여 50대 | M52: 여 55~59세 | N52: 여 55~64세 | O52: 1 | S52: 3 | W52: 35 | X52: 6 | Y52: -1 | AN52: 2 | AO52: 1 | AP52: 4 | AR52: 2 | AS52: 3 | AT52: 5 | AW52: 11 | AX52: 7 | AY52: 2 | BD52: 5 | BE52: 7 | BF52: 3 | BH52: 1 | BI52: 1 | BJ52: 1 | BK52: 4 | BL52: 1 | BM52: 2 | BN52: 2 | BO52: 4 | BU52: 1 | BY52: 1 | CC52: 2 | CD52: 3 | CF52: 70 | CG52: 3 | CH52: 1 | CI52: 2 | CK52: 4 | CP52: 4 | CR52: 1 | CT52: 3 | DE52: 4 | DH52: 7 | DL52: 2 | DM52: 3 | DN52: 3 | DO52: 3 | DP52: 3 | DQ52: 1 | DR52: 2 | DT52: 1 | DY52: 4 | EC52: 8 | EJ52: 3 | EO52: 5 | ER52: 2 | ES52: 3 | ET52: 2 | EU52: 3 | EV52: 3 | EW52: 1 | EX52: 2 | EY52: 1 | EZ52: 2 | FC52: 3 | FD52: 1 | FE52: 35 | FF52: 60 | FG52: 1 | FI52: 1 | FK52: 1 | FM52: 2 | FO52: 4 | FQ52: 2 | FR52: 1 | FU52: 1 | GC52: 1 | GK52: 9 | GN52: 12 | GO52: 13 | GT52: 18 | HD52: 4 | HJ52: 1 | HK52: 4 | HL52: 4 | HM52: 1 | HN52: 2 | HR52: 4 | HS52: 5 | HT52: 6 | HW52: -1 | IV52: 4 | IW52: 1 | IX52: 2 | IY52: 3 | IZ52: 2 | JA52: 3 | JB52: 2 | JC52: 3 | JD52: 3 | JE52: 3 | JF52: 3 | JG52: 3 | JH52: 1 | JI52: 6 | JJ52: 9 | JK52: 5 | JL52: 5 | JN52: 9 | JP52: 1 | JR52: 3 | JS52: 6 | JT52: 6 | JU52: 5
A53: 8hm9olh2 | B53: qu2frlh5 | C53: 2023-10-11 19:48:56 | D53: 여 | E53: 50 | F53: 50대 | G53: 50~54세 | H53: 부산 | I53: 5대광역시 | J53: 45~54세 | K53: 비수도권 | L53: 여 50대 | M53: 여 50~54세 | N53: 여 45~54세 | O53: 1 | P53: -1 | W53: 50 | X53: 5 | Z53: 1 | AJ53: 1 | AN53: 1 | AO53: 3 | AP53: 4 | AR53: 1 | AS53: 3 | AT53: 4 | AW53: 7 | AX53: 8 | AY53: 13 | AZ53: 9 | BA53: 11 | BD53: 4 | BE53: 3 | BF53: 1 | BH53: 1 | BI53: 2 | BJ53: 2 | BK53: 4 | BL53: 2 | BM53: 2 | BN53: 2 | BO53: 3 | BP53: 1 | BQ53: 2 | BU53: 2 | BV53: 1 | BY53: 2 | BZ53: 1 | CC53: 4 | CD53: 3 | CF53: 80 | CG53: 3 | CH53: 1 | CI53: 2 | CK53: 2 | CL53: 3 | CP53: 3 | CT53: 3 | CV53: 5 | CW53: 6 | DD53: 3 | DH53: 7 | DI53: 8 | DL53: 1 | DM53: 3 | DN53: 3 | DO53: 4 | DP53: 4 | DQ53: 1 | DR53: 1 | DT53: 3 | DW53: 2 | EF53: 11 | EJ53: 3 | EK53: 1 | EM53: 3 | EN53: 4 | ER53: 1 | ES53: 3 | ET53: 3 | EU53: 3 | EV53: 3 | EW53: 1 | EX53: 2 | EY53: 1 | EZ53: 2 | FA53: 5 | FC53: 4 | FD53: 1 | FE53: 20 | FF53: 20 | FG53: 1 | FI53: 1 | FK53: 1 | FM53: 2 | FO53: 3 | FQ53: 2 | FR53: 3 | FU53: 1 | FV53: 2 | FW53: 3 | GR53: 16 | GT53: 18 | HA53: 1 | HD53: 4 | HJ53: 1 | HK53: 4 | HL53: 4 | HM53: 1 | HN53: 2 | HQ53: 3 | HR53: 4 | HT53: 6 | HW53: -1 | IV53: 3 | IW53: 1 | IX53: 2 | IY53: 2 | IZ53: 3 | JA53: 3 | JB53: 3 | JC53: 3 | JD53: 4 | JE53: 3 | JF53: 4 | JG53: 4 | JH53: 1 | JI53: 7 | JJ53: 8 | JK53: 1 | JL53: 4 | JN53: 7 | JP53: 2 | JR53: 3 | JS53: 2 | JT53: 2 | JU53: 4
A54: nr8idr39 | B54: 6e13buh0 | C54: 2023-10-11 19:07:28 | D54: 남 | E54: 58 | F54: 50대 | G54: 55~59세 | H54: 경기 | I54: 서울 외 수도권 | J54: 55~64세 | K54: 수도권 | L54: 남 50대 | M54: 남 55~59세 | N54: 남 55~64세 | O54: 1 | Q54: 1 | W54: 40 | X54: 1 | Z54: 1 | AA54: 2 | AB54: 3 | AC54: 4 | AD54: 5 | AE54: 6 | AF54: 7 | AG54: 8 | AJ54: 1 | AK54: 3 | AL54: 5 | AN54: 2 | AO54: 4 | AP54: 5 | AR54: 3 | AS54: 4 | AT54: 5 | AW54: 2 | AX54: 15 | AY54: 4 | AZ54: 9 | BA54: 5 | BD54: 3 | BE54: 4 | BF54: 9 | BH54: 1 | BI54: 3 | BJ54: 4 | BK54: 3 | BL54: 4 | BO54: 4 | BP54: 3 | BQ54: 2 | BR54: 1 | BU54: 2 | BV54: 3 | BW54: 1 | BX54: 4 | BY54: 2 | BZ54: 1 | CA54: 3 | CB54: 4 | CC54: 4 | CD54: 2 | CF54: 60 | CG54: 4 | CH54: 1 | CI54: 1 | CK54: 2 | CL54: 3 | CM54: 4 | CN54: 5 | CP54: 4 | CR54: 1 | CS54: 2 | CT54: 3 | CU54: 4 | CV54: 5 | CW54: 6 | CX54: 7 | CY54: 8 | DC54: 2 | DF54: 5 | DI54: 8 | DL54: 1 | DM54: 4 | DN54: 4 | DO54: 3 | DP54: 4 | DQ54: 1 | DR54: 3 | DT54: 1 | DV54: 1 | DW54: 2 | DX54: 3 | DY54: 4 | EA54: 6 | EB54: 7 | EC54: 8 | ED54: 9 | EE54: 10 | EJ54: 4 | EK54: 1 | EM54: 3 | EO54: 5 | ER54: 2 | ES54: 4 | ET54: 3 | EU54: 3 | EV54: 4 | EW54: 3 | EX54: 3 | EY54: 1 | EZ54: 3 | FA54: 9 | FC54: 4 | FD54: 1 | FE54: 90 | FF54: 60 | FG54: 2 | FI54: 2 | FK54: 2 | FM54: 2 | FO54: 3 | FQ54: 2 | FR54: 3 | FU54: 1 | FV54: 2 | FW54: 3 | FX54: 4 | FY54: 5 | GD54: 2 | GF54: 4 | GI54: 7 | GJ54: 8 | GK54: 9 | GL54: 10 | GN54: 12 | GO54: 13 | GQ54: 15 | GR54: 16 | GT54: 18 | GV54: 20 | GW54: 21 | HA54: 1 | HB54: 2 | HC54: 3 | HD54: 4 | HJ54: 1 | HK54: 4 | HL54: 3 | HM54: 1 | HN54: 2 | HO54: 1 | HP54: 2 | HQ54: 3 | HR54: 4 | HS54: 5 | HT54: 6 | HX54: 1 | HY54: 2 | HZ54: 3 | IA54: 4 | IB54: 5 | IE54: 1 | IG54: 2 | IH54: 3 | II54: 4 | IJ54: 5 | IK54: 6 | IV54: 4 | IW54: 1 | IX54: 4 | IY54: 4 | IZ54: 3 | JA54: 4 | JB54: 4 | JC54: 3 | JD54: 4 | JE54: 4 | JF54: 4 | JG54: 4 | JH54: 1 | JI54: 6 | JJ54: 2 | JK54: 2 | JL54: 10 | JN54: 4 | JP54: 2 | JR54: 1 | JS54: 6 | JT54: 6 | JU54: 0
A55: qwl4y6b0 | B55: 81drh902 | C55: 2023-10-11 19:23:02 | D55: 남 | E55: 49 | F55: 40대 | G55: 45~49세 | H55: 경기 | I55: 서울 외 수도권 | J55: 45~54세 | K55: 수도권 | L55: 남 40대 | M55: 남 45~49세 | N55: 남 45~54세 | O55: 1 | Q55: 1 | W55: 50 | X55: 5 | Z55: 1 | AB55: 3 | AJ55: 1 | AK55: 3 | AN55: 1 | AO55: 3 | AR55: 3 | AS55: 1 | AT55: 2 | AW55: 1 | AX55: 10 | AY55: 8 | AZ55: 9 | BD55: 1 | BH55: 1 | BI55: 1 | BJ55: 2 | BK55: 4 | BL55: 4 | BM55: 4 | BN55: 2 | BO55: 4 | BP55: 3 | BQ55: 1 | BR55: 2 | BU55: 2 | BV55: 3 | BY55: 4 | BZ55: 3 | CA55: 2 | CB55: 1 | CC55: 3 | CD55: 4 | CF55: 40 | CG55: 4 | CH55: 1 | CI55: 1 | CK55: 3 | CL55: 4 | CM55: 2 | CP55: 4 | CT55: 3 | CY55: 8 | DD55: 3 | DI55: 8 | DL55: 1 | DM55: 4 | DN55: 3 | DO55: 4 | DP55: 3 | DQ55: 1 | DR55: 1 | DT55: 2 | DZ55: 5 | EC55: 8 | EJ55: 3 | EK55: 1 | EL55: 2 | EN55: 4 | ER55: 1 | ES55: 3 | ET55: 3 | EU55: 3 | EV55: 2 | EW55: 2 | EX55: 2 | EY55: 5 | EZ55: 9 | FA55: 6 | FC55: 3 | FD55: 1 | FE55: 40 | FF55: 30 | FG55: 1 | FI55: 1 | FK55: 2 | FM55: 2 | FO55: 2 | FQ55: 1 | FR55: 4 | FU55: 1 | GD55: 2 | HA55: 1 | HE55: 5 | HJ55: 1 | HK55: 4 | HL55: 4 | HM55: 2 | HN55: 2 | HP55: 2 | HQ55: 3 | HR55: 4 | HS55: 5 | HZ55: 3 | IE55: 1 | IG55: 2 | II55: 4 | IV55: 4 | IW55: 1 | IX55: 2 | IY55: 3 | IZ55: 4 | JA55: 4 | JB55: 4 | JC55: 4 | JD55: 4 | JE55: 4 | JF55: 4 | JG55: 4 | JH55: 1 | JI55: 6 | JJ55: 2 | JK55: 3 | JL55: 3 | JN55: 6 | JP55: 2 | JR55: 2 | JS55: 6 | JT55: 6 | JU55: 4
A56: z7bzzop6 | B56: 2na8z7dl | C56: 2023-10-11 19:23:48 | D56: 남 | E56: 41 | F56: 40대 | G56: 40~44세 | H56: 부산 | I56: 5대광역시 | J56: 35~44세 | K56: 비수도권 | L56: 남 40대 | M56: 남 40~44세 | N56: 남 35~44세 | O56: 1 | Q56: 1 | R56: 2 | W56: 40 | X56: 3 | Z56: 1 | AA56: 2 | AJ56: 1 | AK56: 2 | AN56: 1 | AO56: 2 | AP56: 3 | AR56: 1 | AS56: 2 | AW56: 11 | AX56: 15 | AY56: 8 | AZ56: 3 | BA56: 2 | BD56: 4 | BE56: 6 | BF56: 8 | BH56: 1 | BI56: 3 | BJ56: 3 | BK56: 4 | BL56: 2 | BM56: 2 | BN56: 2 | BO56: 3 | BP56: 1 | BQ56: 2 | BU56: 2 | BY56: 2 | CC56: 4 | CD56: 2 | CF56: 80 | CG56: 4 | CH56: 1 | CI56: 2 | CK56: 4 | CL56: 3 | CM56: 5 | CP56: 4 | CS56: 2 | CU56: 4 | CW56: 6 | CX56: 7 | DB56: 1 | DD56: 3 | DI56: 8 | DL56: 2 | DM56: 4 | DN56: 4 | DO56: 4 | DP56: 4 | DQ56: 1 | DR56: 4 | DT56: 1 | DX56: 3 | DY56: 4 | EA56: 6 | EC56: 8 | EG56: 12 | EJ56: 3 | EK56: 1 | EM56: 3 | EN56: 4 | ER56: 2 | ES56: 4 | ET56: 4 | EU56: 4 | EV56: 4 | EW56: 1 | EX56: 3 | EY56: 1 | EZ56: 6 | FA56: 5 | FC56: 4 | FD56: 1 | FE56: 30 | FF56: 30 | FG56: 1 | FI56: 1 | FK56: 1 | FM56: 1 | FO56: 3 | FQ56: 2 | FR56: 2 | FV56: 2 | FW56: 3 | FY56: 5 | GC56: 1 | GE56: 3 | GF56: 4 | GK56: 9 | GN56: 12 | GO56: 13 | GP56: 14 | GQ56: 15 | GT56: 18 | GU56: 19 | HA56: 1 | HB56: 2 | HD56: 4 | HE56: 5 | HJ56: 1 | HK56: 4 | HL56: 4 | HM56: 2 | HN56: 2 | HO56: 1 | HP56: 2 | HS56: 5 | HX56: 1 | IA56: 4 | IB56: 5 | IE56: 3 | IG56: 2 | IH56: 3 | IK56: 6 | IO56: 2 | IP56: 3 | IR56: 5 | IV56: 3 | IW56: 1 | IX56: 3 | IY56: 4 | IZ56: 4 | JA56: 4 | JB56: 4 | JC56: 4 | JD56: 4 | JE56: 4 | JF56: 4 | JG56: 4 | JH56: 1 | JI56: 6 | JJ56: 8 | JK56: 2 | JL56: 11 | JN56: 9 | JP56: 2 | JR56: 3 | JS56: 3 | JT56: 2 | JU56: 2
A57: 66eog5pm | B57: xyw08yt2 | C57: 2023-10-11 23:42:22 | D57: 남 | E57: 40 | F57: 40대 | G57: 40~44세 | H57: 서울 | I57: 서울 | J57: 35~44세 | K57: 수도권 | L57: 남 40대 | M57: 남 40~44세 | N57: 남 35~44세 | O57: 1 | Q57: 1 | S57: 3 | W57: 40 | X57: 5 | Z57: 1 | AA57: 2 | AB57: 3 | AJ57: 1 | AK57: 2 | AL57: 3 | AN57: 2 | AR57: 3 | AS57: 2 | AW57: 2 | AX57: 8 | AY57: 5 | BD57: 4 | BE57: 6 | BF57: 1 | BH57: 1 | BI57: 1 | BJ57: 3 | BK57: 4 | BL57: 3 | BM57: 4 | BN57: 3 | BO57: 3 | BP57: 1 | BQ57: 4 | BU57: 3 | BY57: 2 | CC57: 4 | CD57: 2 | CF57: 40 | CG57: 2 | CH57: 1 | CI57: 1 | CK57: 5 | CP57: 3 | CR57: 1 | CT57: 3 | CV57: 5 | DD57: 3 | DL57: 2 | DM57: 4 | DN57: 2 | DO57: 2 | DP57: 3 | DQ57: 1 | DR57: 4 | DT57: 3 | DV57: 1 | DW57: 2 | EC57: 8 | ED57: 9 | EF57: 11 | EG57: 12 | EJ57: 4 | EL57: 2 | EN57: 4 | ER57: 2 | ES57: 3 | ET57: 3 | EU57: 4 | EV57: 2 | EW57: 3 | EX57: 2 | EY57: 5 | EZ57: 8 | FA57: 9 | FC57: 4 | FD57: 1 | FE57: 50 | FF57: 30 | FG57: 1 | FI57: 1 | FK57: 3 | FM57: 3 | FO57: 4 | FQ57: 2 | FR57: 2 | FU57: 1 | FV57: 2 | FW57: 3 | FX57: 4 | FY57: 5 | GH57: 6 | GK57: 9 | GO57: 13 | GQ57: 15 | GV57: 20 | GW57: 21 | HA57: 1 | HC57: 3 | HE57: 5 | HF57: 6 | HG57: 7 | HJ57: 1 | HK57: 4 | HL57: 3 | HM57: 2 | HN57: 1 | HZ57: 3 | IA57: 4 | IB57: 5 | IE57: 3 | IJ57: 5 | IK57: 6 | IN57: 1 | IS57: 6 | IV57: 4 | IW57: 1 | IX57: 2 | IY57: 2 | IZ57: 4 | JA57: 2 | JB57: 3 | JC57: 2 | JD57: 2 | JE57: 2 | JF57: 2 | JG57: 2 | JH57: 1 | JI57: 6 | JJ57: 2 | JK57: 3 | JL57: 3 | JN57: 5 | JP57: 2 | JR57: 2 | JS57: 4 | JT57: 3 | JU57: 4
A58: 62m2ezxg | B58: jw6j57tz | C58: 2023-10-13 14:16:06 | D58: 남 | E58: 53 | F58: 50대 | G58: 50~54세 | H58: 경기 | I58: 서울 외 수도권 | J58: 45~54세 | K58: 수도권 | L58: 남 50대 | M58: 남 50~54세 | N58: 남 45~54세 | O58: 1 | P58: -1 | W58: 40 | X58: 6 | Z58: 1 | AJ58: 1 | AN58: 1 | AO58: 2 | AP58: 3 | AR58: 1 | AS58: 2 | AT58: 3 | AW58: 2 | AX58: 4 | AY58: 13 | AZ58: 8 | BA58: 10 | BD58: 1 | BE58: 9 | BF58: 7 | BH58: 1 | BI58: 1 | BJ58: 4 | BK58: 4 | BL58: 4 | BM58: 4 | BN58: 3 | BO58: 1 | BP58: 3 | BQ58: 2 | BU58: 1 | BV58: 2 | BW58: 3 | BX58: 4 | BY58: 1 | BZ58: 2 | CA58: 3 | CB58: 4 | CC58: 3 | CD58: 1 | CF58: 50 | CG58: 4 | CH58: 1 | CI58: 2 | CK58: 5 | CL58: 2 | CM58: 4 | CP58: 4 | CS58: 2 | CU58: 4 | CX58: 7 | DD58: 3 | DG58: 6 | DH58: 7 | DL58: 1 | DM58: 3 | DN58: 3 | DO58: 4 | DP58: 3 | DQ58: 1 | DR58: 2 | DT58: 3 | DX58: 3 | DY58: 4 | EF58: 11 | EJ58: 2 | EL58: 2 | EN58: 4 | ER58: 2 | ES58: 3 | ET58: 3 | EU58: 3 | EV58: 3 | EW58: 1 | EX58: 1 | EY58: 8 | EZ58: 6 | FA58: 2 | FC58: 3 | FD58: 1 | FE58: 10 | FF58: 10 | FG58: 1 | FI58: 1 | FK58: 3 | FM58: 3 | FO58: 2 | FQ58: 2 | FR58: 2 | FU58: 1 | FV58: 2 | FW58: 3 | FX58: 4 | FY58: 5 | GM58: 11 | GP58: 14 | GQ58: 15 | GR58: 16 | GT58: 18 | GZ58: -1 | HJ58: 1 | HK58: 4 | HL58: 4 | HM58: 2 | HN58: 1 | HW58: -1 | IV58: 3 | IW58: 1 | IX58: 2 | IY58: 3 | IZ58: 3 | JA58: 2 | JB58: 3 | JC58: 3 | JD58: 2 | JE58: 3 | JF58: 2 | JG58: 4 | JH58: 1 | JI58: 6 | JJ58: 2 | JK58: 1 | JL58: 11 | JN58: 12 | JP58: 2 | JR58: 2 | JS58: 5 | JT58: 5 | JU58: 5
A59: 9prpfemb | B59: 672v4bq7 | C59: 2023-10-11 19:57:32 | D59: 여 | E59: 43 | F59: 40대 | G59: 40~44세 | H59: 서울 | I59: 서울 | J59: 35~44세 | K59: 수도권 | L59: 여 40대 | M59: 여 40~44세 | N59: 여 35~44세 | O59: 1 | R59: 2 | W59: 30 | X59: 3 | Z59: 1 | AA59: 2 | AJ59: 1 | AN59: 1 | AR59: 1 | AS59: 2 | AT59: 4 | AW59: 8 | AX59: 2 | AY59: 9 | BD59: 4 | BE59: 2 | BF59: 1 | BH59: 1 | BI59: 4 | BJ59: 4 | BK59: 4 | BL59: 2 | BM59: 2 | BN59: 3 | BO59: 4 | BP59: 1 | BQ59: 3 | BR59: 2 | BU59: 2 | BV59: 3 | BW59: 1 | BX59: 4 | BY59: 1 | BZ59: 2 | CC59: 1 | CD59: 1 | CF59: 80 | CG59: 5 | CH59: 1 | CI59: 1 | CK59: 4 | CL59: 5 | CP59: 1 | CQ59: -1 | DC59: 2 | DD59: 3 | DH59: 7 | DL59: 1 | DM59: 4 | DN59: 4 | DO59: 5 | DP59: 4 | DQ59: 1 | DR59: 1 | DT59: 2 | DZ59: 5 | EJ59: 2 | EL59: 2 | EN59: 4 | ER59: 1 | ES59: 1 | ET59: 1 | EU59: 1 | EV59: 1 | EW59: 1 | EX59: 1 | EY59: 3 | EZ59: 1 | FA59: 5 | FC59: 3 | FD59: 1 | FE59: 40 | FF59: 40 | FG59: 1 | FI59: 1 | FK59: 2 | FM59: 3 | FO59: 1 | FQ59: 2 | FR59: 1 | FW59: 3 | GB59: -1 | HA59: 1 | HJ59: 1 | HK59: 4 | HL59: 4 | HM59: 2 | HN59: 2 | HQ59: 3 | HR59: 4 | HW59: -1 | IV59: 3 | IW59: 1 | IX59: 2 | IY59: 4 | IZ59: 5 | JA59: 4 | JB59: 4 | JC59: 2 | JD59: 4 | JE59: 4 | JF59: 4 | JG59: 4 | JH59: 1 | JI59: 6 | JJ59: 9 | JK59: 1 | JL59: 11 | JN59: 2 | JP59: 6 | JQ59: 재단법인 | JR59: 2 | JS59: 3 | JT59: 3 | JU59: 2
A60: ihlxj0yw | B60: nksz9xwd | C60: 2023-10-11 20:40:39 | D60: 여 | E60: 53 | F60: 50대 | G60: 50~54세 | H60: 부산 | I60: 5대광역시 | J60: 45~54세 | K60: 비수도권 | L60: 여 50대 | M60: 여 50~54세 | N60: 여 45~54세 | O60: 1 | P60: -1 | W60: 9 | X60: 3 | Y60: -1 | AN60: 2 | AO60: 5 | AP60: 1 | AR60: 1 | AS60: 2 | AT60: 5 | AW60: 1 | AX60: 9 | AY60: 7 | BD60: 2 | BE60: 1 | BF60: 3 | BH60: 1 | BI60: 4 | BJ60: 4 | BK60: 2 | BL60: 2 | BM60: 4 | BN60: 2 | BO60: 1 | BP60: 4 | BQ60: 3 | BU60: 2 | BY60: 1 | CC60: 2 | CD60: 4 | CF60: 50 | CG60: 3 | CH60: 1 | CI60: 2 | CK60: 4 | CP60: 3 | CS60: 2 | DB60: 1 | DC60: 2 | DD60: 3 | DL60: 1 | DM60: 4 | DN60: 4 | DO60: 3 | DP60: 3 | DQ60: 1 | DR60: 3 | DT60: 3 | EF60: 11 | EJ60: 3 | EO60: 5 | ER60: 1 | ES60: 3 | ET60: 3 | EU60: 3 | EV60: 3 | EW60: 3 | EX60: 3 | EY60: 5 | EZ60: 4 | FA60: 3 | FC60: 3 | FD60: 1 | FE60: 30 | FF60: 20 | FG60: 2 | FI60: 1 | FK60: 1 | FM60: 1 | FO60: 2 | FQ60: 2 | FR60: 1 | FU60: 1 | FV60: 2 | FY60: 5 | GK60: 9 | GO60: 13 | GQ60: 15 | GZ60: -1 | HJ60: 1 | HK60: 3 | HL60: 3 | HM60: 2 | HN60: 2 | HR60: 4 | HS60: 5 | HT60: 6 | HX60: 1 | HY60: 2 | IA60: 4 | IE60: 1 | IH60: 3 | II60: 4 | IK60: 6 | IV60: 3 | IW60: 1 | IX60: 3 | IY60: 3 | IZ60: 3 | JA60: 3 | JB60: 3 | JC60: 3 | JD60: 3 | JE60: 3 | JF60: 3 | JG60: 3 | JH60: 1 | JI60: 5 | JJ60: 8 | JK60: 3 | JL60: 2 | JN60: 8 | JP60: 4 | JR60: 3 | JS60: 1 | JT60: 1 | JU60: 2
A61: cx1ot9f1 | B61: nntulxl4 | C61: 2023-10-11 19:18:09 | D61: 남 | E61: 42 | F61: 40대 | G61: 40~44세 | H61: 경기 | I61: 서울 외 수도권 | J61: 35~44세 | K61: 수도권 | L61: 남 40대 | M61: 남 40~44세 | N61: 남 35~44세 | O61: 1 | R61: 2 | W61: 8 | X61: 6 | Z61: 1 | AE61: 6 | AJ61: 1 | AK61: 6 | AN61: 1 | AO61: 4 | AP61: 2 | AR61: 1 | AS61: 4 | AT61: 2 | AW61: 10 | AX61: 9 | AY61: 11 | AZ61: 6 | BA61: 8 | BD61: 1 | BE61: 3 | BF61: 4 | BH61: 1 | BI61: 2 | BJ61: 3 | BK61: 4 | BL61: 2 | BM61: 4 | BN61: 4 | BO61: 3 | BP61: 4 | BQ61: 2 | BR61: 1 | BU61: 2 | BV61: 1 | BW61: 3 | BX61: 4 | BY61: 2 | BZ61: 1 | CA61: 3 | CB61: 4 | CC61: 2 | CD61: 2 | CF61: 60 | CG61: 3 | CH61: 1 | CI61: 2 | CK61: 4 | CL61: 5 | CM61: 2 | CN61: 3 | CO61: 1 | CP61: 3 | CR61: 1 | CS61: 2 | CT61: 3 | CU61: 4 | CV61: 5 | CX61: 7 | DC61: 2 | DD61: 3 | DI61: 8 | DL61: 2 | DM61: 4 | DN61: 4 | DO61: 3 | DP61: 2 | DQ61: 1 | DR61: 4 | DT61: 4 | DZ61: 5 | EC61: 8 | EJ61: 2 | EL61: 2 | EN61: 4 | ER61: 2 | ES61: 3 | ET61: 3 | EU61: 2 | EV61: 2 | EW61: 2 | EX61: 2 | EY61: 9 | EZ61: 1 | FA61: 3 | FC61: 2 | FD61: 1 | FE61: 60 | FF61: 30 | FG61: 3 | FI61: 1 | FK61: 2 | FM61: 2 | FO61: 2 | FQ61: 2 | FR61: 2 | FU61: 1 | FX61: 4 | GK61: 9 | GM61: 11 | GN61: 12 | GO61: 13 | GQ61: 15 | GR61: 16 | GT61: 18 | GV61: 20 | GW61: 21 | HA61: 1 | HB61: 2 | HC61: 3 | HD61: 4 | HE61: 5 | HJ61: 1 | HK61: 4 | HL61: 4 | HM61: 2 | HN61: 1 | HX61: 1 | HZ61: 3 | IE61: 3 | IG61: 2 | IH61: 3 | IJ61: 5 | IQ61: 4 | IR61: 5 | IV61: 3 | IW61: 1 | IX61: 3 | IY61: 3 | IZ61: 4 | JA61: 3 | JB61: 3 | JC61: 3 | JD61: 3 | JE61: 3 | JF61: 4 | JG61: 4 | JH61: 1 | JI61: 6 | JJ61: 2 | JK61: 5 | JL61: 3 | JN61: 10 | JP61: 1 | JR61: 2 | JS61: 5 | JT61: 5 | JU61: 5
A62: zivsc0zu | B62: 98ftzvd2 | C62: 2023-10-11 19:18:43 | D62: 여 | E62: 27 | F62: 20대 | G62: 25~29세 | H62: 서울 | I62: 서울 | J62: 25~34세 | K62: 수도권 | L62: 여 20대 | M62: 여 25~29세 | N62: 여 25~34세 | O62: 1 | Q62: 1 | R62: 2 | S62: 3 | W62: 40 | X62: 4 | Z62: 1 | AA62: 2 | AB62: 3 | AJ62: 1 | AK62: 2 | AL62: 3 | AN62: 1 | AO62: 2 | AP62: 3 | AR62: 3 | AS62: 1 | AT62: 2 | AW62: 9 | AX62: 5 | AY62: 8 | AZ62: 6 | BA62: 16 | BD62: 4 | BE62: 1 | BF62: 6 | BH62: 1 | BI62: 3 | BJ62: 2 | BK62: 4 | BL62: 1 | BM62: 2 | BN62: 2 | BO62: 4 | BP62: 3 | BQ62: 1 | BR62: 2 | BU62: 2 | BV62: 1 | BW62: 3 | BX62: 4 | BY62: 2 | BZ62: 1 | CA62: 3 | CB62: 4 | CC62: 3 | CD62: 4 | CF62: 40 | CG62: 3 | CH62: 1 | CI62: 1 | CK62: 1 | CL62: 4 | CP62: 2 | CR62: 1 | CT62: 3 | CU62: 4 | CX62: 7 | DD62: 3 | DG62: 6 | DL62: 2 | DM62: 3 | DN62: 2 | DO62: 2 | DP62: 3 | DQ62: 1 | DR62: 2 | DT62: 1 | DV62: 1 | DW62: 2 | DZ62: 5 | EA62: 6 | EC62: 8 | ED62: 9 | EF62: 11 | EJ62: 3 | EK62: 1 | EL62: 2 | EM62: 3 | EN62: 4 | EO62: 5 | ER62: 2 | ES62: 3 | ET62: 4 | EU62: 3 | EV62: 3 | EW62: 3 | EX62: 4 | EY62: 1 | EZ62: 5 | FA62: 4 | FC62: 3 | FD62: 1 | FE62: 40 | FF62: 30 | FG62: 1 | FI62: 1 | FK62: 2 | FM62: 2 | FO62: 1 | FQ62: 2 | FR62: 2 | FU62: 1 | FV62: 2 | FW62: 3 | GC62: 1 | GD62: 2 | GE62: 3 | GJ62: 8 | GK62: 9 | GO62: 13 | GP62: 14 | GW62: 21 | HA62: 1 | HB62: 2 | HE62: 5 | HJ62: 1 | HK62: 4 | HL62: 4 | HM62: 1 | HN62: 1 | HX62: 1 | IA62: 4 | IE62: 1 | IJ62: 5 | IV62: 3 | IW62: 1 | IX62: 3 | IY62: 2 | IZ62: 2 | JA62: 3 | JB62: 3 | JC62: 3 | JD62: 2 | JE62: 3 | JF62: 2 | JG62: 3 | JH62: 1 | JI62: 6 | JJ62: 9 | JK62: 4 | JL62: 9 | JN62: 2 | JP62: 2 | JR62: 3 | JS62: 2 | JT62: 2 | JU62: 3
A63: petgaf8t | B63: 9jwbrt0i | C63: 2023-10-11 20:09:04 | D63: 여 | E63: 34 | F63: 30대 | G63: 30~34세 | H63: 서울 | I63: 서울 | J63: 25~34세 | K63: 수도권 | L63: 여 30대 | M63: 여 30~34세 | N63: 여 25~34세 | O63: 1 | P63: -1 | W63: 40 | X63: 4 | Y63: -1 | AN63: 1 | AR63: 1 | AW63: 2 | AX63: 9 | AY63: 5 | BC63: -1 | BH63: 1 | BI63: 2 | BJ63: 4 | BK63: 2 | BL63: 1 | BM63: 3 | BN63: 2 | BO63: 5 | BT63: 회의 없음 | BU63: 1 | BY63: 1 | CC63: 4 | CD63: 1 | CF63: 50 | CG63: 5 | CH63: 1 | CI63: 1 | CK63: 2 | CL63: 3 | CP63: 4 | CR63: 1 | CV63: 5 | DB63: 1 | DD63: 3 | DI63: 8 | DL63: 2 | DM63: 3 | DN63: 3 | DO63: 3 | DP63: 4 | DQ63: 1 | DR63: 4 | DT63: 5 | DU63: 내부 프로그램 | EH63: 13 | EI63: 없음 | EJ63: 1 | EP63: 6 | EQ63: 없음 | ER63: 2 | ES63: 3 | ET63: 4 | EU63: 3 | EV63: 3 | EW63: 1 | EX63: 4 | EY63: 1 | EZ63: 2 | FC63: 3 | FD63: 1 | FE63: 60 | FF63: 30 | FG63: 1 | FI63: 1 | FK63: 3 | FM63: 3 | FO63: 1 | FQ63: 2 | FR63: 1 | FU63: 1 | FW63: 3 | FY63: 5 | GM63: 11 | GN63: 12 | GO63: 13 | GP63: 14 | GQ63: 15 | GV63: 20 | HD63: 4 | HJ63: 1 | HK63: 4 | HL63: 4 | HM63: 2 | HN63: 1 | HW63: -1 | IV63: 4 | IW63: 1 | IX63: 3 | IY63: 4 | IZ63: 4 | JA63: 3 | JB63: 3 | JC63: 3 | JD63: 4 | JE63: 4 | JF63: 3 | JG63: 3 | JH63: 1 | JI63: 6 | JJ63: 2 | JK63: 2 | JL63: 11 | JN63: 13 | JO63: 공무원 | JP63: 4 | JR63: 3 | JS63: 3 | JT63: 3 | JU63: 3
A64: py5ek3iv | B64: qph3ngm1 | C64: 2023-10-11 19:45:24 | D64: 여 | E64: 33 | F64: 30대 | G64: 30~34세 | H64: 서울 | I64: 서울 | J64: 25~34세 | K64: 수도권 | L64: 여 30대 | M64: 여 30~34세 | N64: 여 25~34세 | O64: 1 | P64: -1 | W64: 8 | X64: 4 | Z64: 1 | AA64: 2 | AJ64: 1 | AN64: 2 | AO64: 4 | AP64: 5 | AR64: 2 | AS64: 3 | AT64: 4 | AW64: 8 | AX64: 9 | BD64: 3 | BE64: 2 | BF64: 1 | BH64: 1 | BI64: 4 | BJ64: 5 | BK64: 3 | BL64: 3 | BM64: 5 | BN64: 4 | BO64: 4 | BP64: 1 | BQ64: 3 | BR64: 2 | BU64: 2 | BY64: 3 | CC64: 3 | CD64: 2 | CF64: 60 | CG64: 2 | CH64: 1 | CI64: 3 | CK64: 4 | CP64: 3 | CR64: 1 | CS64: 2 | CU64: 4 | CV64: 5 | DC64: 2 | DD64: 3 | DF64: 5 | DL64: 1 | DM64: 5 | DN64: 5 | DO64: 1 | DP64: 1 | DQ64: 1 | DR64: 1 | DT64: 1 | DZ64: 5 | EC64: 8 | EJ64: 2 | EL64: 2 | ER64: 2 | ES64: 2 | ET64: 2 | EU64: 2 | EV64: 2 | EW64: 2 | EX64: 1 | EY64: 2 | EZ64: 1 | FA64: 7 | FC64: 2 | FD64: 1 | FE64: 25 | FF64: 15 | FG64: 1 | FI64: 2 | FK64: 3 | FM64: 3 | FO64: 2 | FQ64: 2 | FR64: 1 | FU64: 1 | GK64: 9 | GN64: 12 | HB64: 2 | HE64: 5 | HJ64: 1 | HK64: 3 | HL64: 5 | HM64: 2 | HN64: 1 | IA64: 4 | IE64: 2 | IO64: 2 | IQ64: 4 | IR64: 5 | IV64: 2 | IW64: 1 | IX64: 2 | IY64: 2 | IZ64: 2 | JA64: 2 | JB64: 2 | JC64: 1 | JD64: 1 | JE64: 2 | JF64: 2 | JG64: 2 | JH64: 1 | JI64: 6 | JJ64: 9 | JK64: 3 | JL64: 2 | JN64: 9 | JP64: 2 | JR64: 3 | JS64: 3 | JT64: 2 | JU64: 3
A65: f9pt460o | B65: rfznlxky | C65: 2023-10-11 19:36:12 | D65: 여 | E65: 40 | F65: 40대 | G65: 40~44세 | H65: 경기 | I65: 서울 외 수도권 | J65: 35~44세 | K65: 수도권 | L65: 여 40대 | M65: 여 40~44세 | N65: 여 35~44세 | O65: 1 | Q65: 1 | W65: 40 | X65: 5 | Z65: 1 | AA65: 2 | AB65: 3 | AJ65: 1 | AK65: 2 | AL65: 3 | AN65: 1 | AO65: 3 | AP65: 2 | AR65: 1 | AS65: 3 | AT65: 2 | AW65: 10 | AX65: 4 | AY65: 12 | BD65: 4 | BE65: 10 | BF65: 1 | BH65: 1 | BI65: 2 | BJ65: 2 | BK65: 2 | BL65: 1 | BM65: 4 | BN65: 1 | BO65: 4 | BP65: 3 | BU65: 2 | BV65: 3 | BY65: 2 | BZ65: 1 | CC65: 2 | CD65: 2 | CF65: 80 | CG65: 3 | CH65: 1 | CI65: 2 | CK65: 1 | CL65: 3 | CM65: 2 | CP65: 3 | CR65: 1 | CV65: 5 | CY65: 8 | DF65: 5 | DH65: 7 | DI65: 8 | DL65: 2 | DM65: 2 | DN65: 2 | DO65: 2 | DP65: 3 | DQ65: 1 | DR65: 4 | DT65: 2 | DZ65: 5 | EJ65: 1 | EK65: 1 | EL65: 2 | EM65: 3 | EN65: 4 | ER65: 1 | ES65: 2 | ET65: 3 | EU65: 2 | EV65: 2 | EW65: 3 | EX65: 1 | EY65: 2 | EZ65: 3 | FA65: 4 | FC65: 2 | FD65: 1 | FE65: 40 | FF65: 30 | FG65: 1 | FI65: 1 | FK65: 2 | FM65: 2 | FO65: 1 | FQ65: 2 | FR65: 2 | FU65: 1 | FW65: 3 | FY65: 5 | GW65: 21 | HB65: 2 | HJ65: 1 | HK65: 4 | HL65: 3 | HM65: 1 | HN65: 2 | HR65: 4 | HT65: 6 | HW65: -1 | IV65: 3 | IW65: 1 | IX65: 1 | IY65: 2 | IZ65: 4 | JA65: 2 | JB65: 3 | JC65: 2 | JD65: 4 | JE65: 3 | JF65: 3 | JG65: 2 | JH65: 1 | JI65: 6 | JJ65: 2 | JK65: 2 | JL65: 11 | JN65: 12 | JP65: 4 | JR65: 3 | JS65: 5 | JT65: 2 | JU65: 4
A66: 6z3mocac | B66: qeysczmq | C66: 2023-10-11 19:50:30 | D66: 남 | E66: 29 | F66: 20대 | G66: 25~29세 | H66: 경기 | I66: 서울 외 수도권 | J66: 25~34세 | K66: 수도권 | L66: 남 20대 | M66: 남 25~29세 | N66: 남 25~34세 | O66: 1 | Q66: 1 | W66: 50 | X66: 5 | Z66: 1 | AA66: 2 | AJ66: 1 | AK66: 2 | AN66: 1 | AO66: 2 | AP66: 4 | AR66: 2 | AS66: 3 | AT66: 5 | AW66: 8 | AX66: 9 | AY66: 10 | AZ66: 3 | BA66: 1 | BD66: 4 | BE66: 1 | BF66: 5 | BH66: 1 | BI66: 3 | BJ66: 4 | BK66: 3 | BL66: 3 | BM66: 4 | BN66: 4 | BO66: 4 | BP66: 3 | BQ66: 2 | BR66: 1 | BU66: 2 | BV66: 1 | BW66: 3 | BY66: 3 | BZ66: 2 | CA66: 1 | CC66: 2 | CD66: 2 | CF66: 65 | CG66: 3 | CH66: 1 | CI66: 4 | CK66: 4 | CL66: 2 | CM66: 1 | CP66: 3 | CR66: 1 | CS66: 2 | CT66: 3 | CU66: 4 | CX66: 7 | CY66: 8 | DD66: 3 | DE66: 4 | DI66: 8 | DL66: 2 | DM66: 3 | DN66: 3 | DO66: 3 | DP66: 3 | DQ66: 1 | DR66: 2 | DT66: 2 | DY66: 4 | EC66: 8 | EE66: 10 | EF66: 11 | EJ66: 3 | EL66: 2 | EN66: 4 | EO66: 5 | ER66: 2 | ES66: 3 | ET66: 3 | EU66: 3 | EV66: 2 | EW66: 3 | EX66: 2 | EY66: 6 | EZ66: 4 | FA66: 7 | FC66: 3 | FD66: 1 | FE66: 50 | FF66: 30 | FG66: 3 | FI66: 1 | FK66: 2 | FM66: 2 | FO66: 2 | FQ66: 2 | FR66: 2 | FU66: 1 | FW66: 3 | FY66: 5 | GI66: 7 | GK66: 9 | GQ66: 15 | GT66: 18 | HC66: 3 | HD66: 4 | HE66: 5 | HJ66: 1 | HK66: 4 | HL66: 5 | HM66: 2 | HN66: 1 | HX66: 1 | HZ66: 3 | IA66: 4 | IE66: 1 | IH66: 3 | IJ66: 5 | IV66: 3 | IW66: 1 | IX66: 2 | IY66: 3 | IZ66: 3 | JA66: 3 | JB66: 3 | JC66: 2 | JD66: 3 | JE66: 3 | JF66: 4 | JG66: 3 | JH66: 1 | JI66: 6 | JJ66: 9 | JK66: 3 | JL66: 1 | JN66: 4 | JP66: 2 | JR66: 3 | JS66: 2 | JT66: 2 | JU66: 4
A67: zgw4qli7 | B67: 8pnca2kh | C67: 2023-10-12 11:21:41 | D67: 여 | E67: 24 | F67: 20대 | G67: 20~24세 | H67: 인천 | I67: 서울 외 수도권 | J67: 15~24세 | K67: 수도권 | L67: 여 20대 | M67: 여 20~24세 | N67: 여 15~24세 | O67: 1 | R67: 2 | W67: 44 | X67: 3 | Z67: 1 | AA67: 2 | AD67: 5 | AJ67: 1 | AK67: 2 | AL67: 5 | AN67: 4 | AO67: 1 | AP67: 2 | AR67: 4 | AS67: 2 | AT67: 3 | AW67: 13 | AX67: 9 | AY67: 8 | AZ67: 7 | BD67: 1 | BE67: 9 | BF67: 3 | BH67: 1 | BI67: 4 | BJ67: 4 | BK67: 4 | BL67: 2 | BM67: 3 | BN67: 3 | BO67: 4 | BP67: 1 | BQ67: 3 | BU67: 1 | BY67: 2 | BZ67: 3 | CC67: 2 | CD67: 2 | CF67: 80 | CG67: 3 | CH67: 1 | CI67: 3 | CK67: 4 | CL67: 2 | CM67: 1 | CP67: 4 | CR67: 1 | CS67: 2 | CT67: 3 | CU67: 4 | CV67: 5 | CW67: 6 | CX67: 7 | CY67: 8 | DC67: 2 | DD67: 3 | DG67: 6 | DL67: 3 | DM67: 4 | DN67: 4 | DO67: 4 | DP67: 4 | DQ67: 1 | DR67: 4 | DT67: 1 | DV67: 1 | DW67: 2 | DZ67: 5 | EA67: 6 | EC67: 8 | ED67: 9 | EG67: 12 | EJ67: 4 | EK67: 1 | ER67: 3 | ES67: 4 | ET67: 4 | EU67: 4 | EV67: 4 | EW67: 1 | EX67: 3 | EY67: 2 | EZ67: 3 | FA67: 1 | FC67: 4 | FD67: 1 | FE67: 60 | FF67: 30 | FG67: 1 | FI67: 1 | FK67: 2 | FM67: 2 | FO67: 3 | FQ67: 2 | FR67: 1 | FU67: 1 | FV67: 2 | FW67: 3 | FX67: 4 | FY67: 5 | GK67: 9 | GN67: 12 | GO67: 13 | GP67: 14 | GQ67: 15 | GT67: 18 | HA67: 1 | HB67: 2 | HD67: 4 | HE67: 5 | HJ67: 1 | HK67: 4 | HL67: 4 | HM67: 2 | HN67: 1 | HW67: -1 | IV67: 4 | IW67: 1 | IX67: 4 | IY67: 4 | IZ67: 4 | JA67: 4 | JB67: 4 | JC67: 4 | JD67: 4 | JE67: 4 | JF67: 3 | JG67: 4 | JH67: 1 | JI67: 6 | JJ67: 2 | JK67: 5 | JL67: 3 | JN67: 10 | JP67: 1 | JR67: 3 | JS67: 1 | JT67: 1 | JU67: 2
A68: c7c89iwh | B68: 87pq85d9 | C68: 2023-10-11 19:27:51 | D68: 남 | E68: 59 | F68: 50대 | G68: 55~59세 | H68: 경기 | I68: 서울 외 수도권 | J68: 55~64세 | K68: 수도권 | L68: 남 50대 | M68: 남 55~59세 | N68: 남 55~64세 | O68: 1 | T68: 4 | W68: 40 | X68: 3 | Z68: 1 | AA68: 2 | AB68: 3 | AJ68: 1 | AN68: 1 | AO68: 2 | AR68: 1 | AS68: 2 | AW68: 11 | AX68: 5 | AY68: 9 | AZ68: 2 | BA68: 10 | BD68: 7 | BE68: 10 | BF68: 3 | BH68: 1 | BI68: 1 | BJ68: 4 | BK68: 4 | BL68: 4 | BO68: 3 | BP68: 2 | BU68: 3 | BY68: 3 | CC68: 4 | CD68: 4 | CE68: 2 | CF68: 30 | CG68: 4 | CH68: 1 | CI68: 1 | CK68: 4 | CL68: 1 | CP68: 4 | CR68: 1 | CV68: 5 | DB68: 1 | DD68: 3 | DF68: 5 | DL68: 1 | DM68: 5 | DN68: 4 | DO68: 2 | DP68: 3 | DQ68: 1 | DR68: 4 | DT68: 1 | DZ68: 5 | EA68: 6 | EJ68: 3 | EK68: 1 | EL68: 2 | EM68: 3 | EN68: 4 | EO68: 5 | ER68: 1 | ES68: 3 | ET68: 4 | EU68: 3 | EV68: 3 | EW68: 3 | EX68: 1 | EY68: 1 | EZ68: 8 | FA68: 9 | FC68: 3 | FD68: 1 | FE68: 10 | FF68: 30 | FG68: 1 | FI68: 1 | FK68: 3 | FM68: 3 | FO68: 1 | FQ68: 2 | FR68: 1 | FW68: 3 | FX68: 4 | GE68: 3 | GI68: 7 | GK68: 9 | GR68: 16 | HA68: 1 | HB68: 2 | HE68: 5 | HJ68: 1 | HK68: 5 | HL68: 4 | HM68: 2 | HN68: 2 | HO68: 1 | HR68: 4 | HS68: 5 | HZ68: 3 | IE68: 1 | IG68: 2 | IH68: 3 | IV68: 4 | IW68: 1 | IX68: 3 | IY68: 3 | IZ68: 3 | JA68: 3 | JB68: 3 | JC68: 3 | JD68: 3 | JE68: 3 | JF68: 4 | JG68: 3 | JH68: 1 | JI68: 5 | JJ68: 1 | JK68: 3 | JL68: 10 | JN68: 8 | JP68: 2 | JR68: 1 | JS68: 3 | JT68: 3 | JU68: 2
A69: 6aph10s2 | B69: f55a5hl2 | C69: 2023-10-11 20:54:58 | D69: 여 | E69: 44 | F69: 40대 | G69: 40~44세 | H69: 서울 | I69: 서울 | J69: 35~44세 | K69: 수도권 | L69: 여 40대 | M69: 여 40~44세 | N69: 여 35~44세 | O69: 1 | R69: 2 | W69: 40 | X69: 3 | AA69: 2 | AJ69: 2 | AN69: 1 | AO69: 2 | AP69: 4 | AR69: 3 | AS69: 5 | AT69: 2 | AW69: 8 | AX69: 1 | AY69: 9 | AZ69: 10 | BD69: 4 | BE69: 1 | BF69: 6 | BH69: 1 | BI69: 1 | BJ69: 2 | BK69: 4 | BL69: 2 | BM69: 4 | BN69: 2 | BO69: 4 | BP69: 1 | BQ69: 3 | BU69: 3 | BV69: 2 | BW69: 1 | BY69: 2 | BZ69: 1 | CA69: 3 | CC69: 1 | CD69: 1 | CF69: 50 | CG69: 4 | CH69: 1 | CI69: 2 | CK69: 4 | CL69: 1 | CM69: 3 | CP69: 2 | CV69: 5 | DB69: 1 | DD69: 3 | DF69: 5 | DL69: 1 | DM69: 3 | DN69: 3 | DO69: 2 | DP69: 3 | DQ69: 1 | DR69: 2 | DT69: 2 | DW69: 2 | DZ69: 5 | EC69: 8 | EJ69: 3 | EL69: 2 | EN69: 4 | ER69: 2 | ES69: 4 | ET69: 4 | EU69: 3 | EV69: 3 | EW69: 1 | EX69: 2 | EY69: 1 | EZ69: 3 | FC69: 3 | FD69: 1 | FE69: 60 | FF69: 40 | FG69: 1 | FI69: 1 | FK69: 2 | FM69: 2 | FO69: 1 | FQ69: 2 | FR69: 2 | FT69: -1 | GB69: -1 | HA69: 1 | HJ69: 1 | HK69: 5 | HL69: 4 | HM69: 1 | HN69: 1 | HX69: 1 | IE69: 3 | IK69: 6 | IO69: 2 | IV69: 3 | IW69: 1 | IX69: 2 | IY69: 3 | IZ69: 4 | JA69: 2 | JB69: 2 | JC69: 2 | JD69: 3 | JE69: 2 | JF69: 3 | JG69: 3 | JH69: 1 | JI69: 6 | JJ69: 9 | JK69: 3 | JL69: 4 | JN69: 9 | JP69: 2 | JR69: 2 | JS69: 5 | JT69: 2 | JU69: 2
A70: qzecvsfu | B70: qndeep8y | C70: 2023-10-11 19:19:58 | D70: 여 | E70: 30 | F70: 30대 | G70: 30~34세 | H70: 경기 | I70: 서울 외 수도권 | J70: 25~34세 | K70: 수도권 | L70: 여 30대 | M70: 여 30~34세 | N70: 여 25~34세 | O70: 1 | T70: 4 | W70: 32 | X70: 2 | Z70: 1 | AA70: 2 | AB70: 3 | AF70: 7 | AJ70: 1 | AK70: 2 | AL70: 3 | AN70: 2 | AO70: 3 | AP70: 1 | AR70: 2 | AS70: 3 | AT70: 1 | AW70: 9 | AX70: 10 | AY70: 8 | BD70: 6 | BE70: 1 | BF70: 9 | BH70: 1 | BI70: 4 | BJ70: 5 | BK70: 2 | BL70: 3 | BM70: 4 | BN70: 3 | BO70: 1 | BP70: 3 | BU70: 1 | BV70: 2 | BY70: 2 | BZ70: 1 | CC70: 4 | CD70: 4 | CE70: 3 | CF70: 80 | CG70: 5 | CH70: 1 | CI70: 3 | CK70: 2 | CL70: 4 | CM70: 1 | CP70: 4 | CR70: 1 | CS70: 2 | CU70: 4 | CY70: 8 | DC70: 2 | DE70: 4 | DI70: 8 | DL70: 1 | DM70: 3 | DN70: 5 | DO70: 3 | DP70: 3 | DQ70: 1 | DR70: 4 | DT70: 1 | DW70: 2 | DX70: 3 | DZ70: 5 | EC70: 8 | ED70: 9 | EF70: 11 | EJ70: 4 | EK70: 1 | EL70: 2 | ER70: 3 | ES70: 4 | ET70: 5 | EU70: 4 | EV70: 4 | EW70: 1 | EX70: 4 | EY70: 2 | EZ70: 3 | FA70: 1 | FC70: 3 | FD70: 1 | FE70: 80 | FF70: 40 | FG70: 1 | FI70: 1 | FK70: 1 | FM70: 2 | FO70: 1 | FQ70: 2 | FR70: 1 | FT70: -1 | GB70: -1 | HC70: 3 | HJ70: 1 | HK70: 4 | HL70: 4 | HM70: 2 | HN70: 1 | HX70: 1 | IE70: 1 | IH70: 3 | II70: 4 | IV70: 3 | IW70: 1 | IX70: 4 | IY70: 4 | IZ70: 4 | JA70: 4 | JB70: 3 | JC70: 3 | JD70: 4 | JE70: 3 | JF70: 4 | JG70: 4 | JH70: 1 | JI70: 5 | JJ70: 9 | JK70: 2 | JL70: 5 | JN70: 7 | JP70: 2 | JR70: 3 | JS70: 2 | JT70: 1 | JU70: 1
A71: ffc6qpx3 | B71: xuksopir | C71: 2023-10-11 19:23:22 | D71: 남 | E71: 30 | F71: 30대 | G71: 30~34세 | H71: 경기 | I71: 서울 외 수도권 | J71: 25~34세 | K71: 수도권 | L71: 남 30대 | M71: 남 30~34세 | N71: 남 25~34세 | O71: 1 | R71: 2 | S71: 3 | W71: 40 | X71: 4 | Z71: 1 | AJ71: 1 | AN71: 1 | AR71: 1 | AW71: 2 | AX71: 13 | AY71: 10 | BD71: 1 | BE71: 4 | BH71: 1 | BI71: 1 | BJ71: 3 | BK71: 2 | BL71: 2 | BM71: 3 | BN71: 3 | BO71: 4 | BP71: 3 | BU71: 1 | BV71: 2 | BW71: 3 | BX71: 4 | BY71: 1 | BZ71: 2 | CC71: 2 | CD71: 2 | CF71: 70 | CG71: 3 | CH71: 1 | CI71: 1 | CK71: 1 | CP71: 3 | CS71: 2 | CT71: 3 | CU71: 4 | CX71: 7 | DD71: 3 | DH71: 7 | DL71: 3 | DM71: 3 | DN71: 4 | DO71: 3 | DP71: 3 | DQ71: 1 | DR71: 2 | DT71: 2 | DW71: 2 | DY71: 4 | EC71: 8 | EE71: 10 | EJ71: 3 | EK71: 1 | EL71: 2 | EM71: 3 | EN71: 4 | ER71: 3 | ES71: 3 | ET71: 3 | EU71: 3 | EV71: 3 | EW71: 2 | EX71: 3 | EY71: 1 | EZ71: 4 | FA71: 3 | FC71: 3 | FD71: 1 | FE71: 15 | FF71: 30 | FG71: 1 | FI71: 1 | FK71: 2 | FM71: 2 | FO71: 1 | FQ71: 2 | FR71: 2 | FU71: 1 | FW71: 3 | GC71: 1 | GJ71: 8 | GK71: 9 | GN71: 12 | GO71: 13 | GQ71: 15 | GV71: 20 | GW71: 21 | HA71: 1 | HC71: 3 | HD71: 4 | HE71: 5 | HJ71: 1 | HK71: 3 | HL71: 4 | HM71: 1 | HN71: 1 | HW71: -1 | IV71: 3 | IW71: 1 | IX71: 2 | IY71: 2 | IZ71: 5 | JA71: 3 | JB71: 3 | JC71: 3 | JD71: 3 | JE71: 3 | JF71: 3 | JG71: 3 | JH71: 1 | JI71: 6 | JJ71: 2 | JK71: 3 | JL71: 11 | JN71: 2 | JP71: 4 | JR71: 3 | JS71: 3 | JT71: 2 | JU71: 3
A72: ra1nhfpk | B72: zzrctw7w | C72: 2023-10-11 19:51:45 | D72: 여 | E72: 51 | F72: 50대 | G72: 50~54세 | H72: 서울 | I72: 서울 | J72: 45~54세 | K72: 수도권 | L72: 여 50대 | M72: 여 50~54세 | N72: 여 45~54세 | O72: 1 | P72: -1 | W72: 48 | X72: 5 | Y72: -1 | AN72: 1 | AR72: 1 | AW72: 16 | BD72: 9 | BH72: 1 | BI72: 2 | BJ72: 1 | BK72: 5 | BL72: 5 | BM72: 5 | BN72: 1 | BO72: 4 | BU72: 1 | BY72: 1 | CC72: 1 | CD72: 3 | CF72: 80 | CG72: 3 | CH72: 1 | CI72: 1 | CK72: 4 | CP72: 3 | CV72: 5 | DE72: 4 | DF72: 5 | DL72: 1 | DM72: 3 | DN72: 3 | DO72: 3 | DP72: 3 | DQ72: 1 | DR72: 1 | DT72: 4 | EH72: 13 | EI72: 없음 | EJ72: 1 | EL72: 2 | EN72: 4 | ER72: 3 | ES72: 3 | ET72: 3 | EU72: 1 | EV72: 1 | EW72: 1 | EX72: 1 | EY72: 3 | FC72: 3 | FD72: 1 | FE72: 50 | FF72: 30 | FG72: 2 | FI72: 1 | FK72: 1 | FM72: 2 | FO72: 4 | FQ72: 2 | FR72: 2 | FW72: 3 | GR72: 16 | HE72: 5 | HJ72: 1 | HK72: 5 | HL72: 5 | HM72: 2 | HN72: 1 | HW72: -1 | IV72: 3 | IW72: 1 | IX72: 1 | IY72: 3 | IZ72: 5 | JA72: 3 | JB72: 5 | JC72: 1 | JD72: 5 | JE72: 3 | JF72: 5 | JG72: 5 | JH72: 1 | JI72: 7 | JJ72: 9 | JK72: 1 | JL72: 5 | JN72: 7 | JP72: 2 | JR72: 3 | JS72: 6 | JT72: 2 | JU72: 4
A73: qtrxqb9s | B73: cl7lw1o8 | C73: 2023-10-11 19:16:44 | D73: 남 | E73: 34 | F73: 30대 | G73: 30~34세 | H73: 서울 | I73: 서울 | J73: 25~34세 | K73: 수도권 | L73: 남 30대 | M73: 남 30~34세 | N73: 남 25~34세 | O73: 1 | Q73: 1 | R73: 2 | S73: 3 | T73: 4 | W73: 2 | X73: 4 | AA73: 2 | AC73: 4 | AJ73: 2 | AN73: 2 | AR73: 3 | AW73: 15 | AX73: 10 | AY73: 13 | AZ73: 7 | BD73: 7 | BE73: 3 | BF73: 5 | BH73: 1 | BI73: 2 | BJ73: 4 | BK73: 3 | BL73: 4 | BM73: 3 | BN73: 4 | BO73: 1 | BP73: 2 | BU73: 2 | BY73: 3 | CC73: 2 | CD73: 2 | CF73: 20 | CG73: 3 | CH73: 1 | CI73: 3 | CK73: 4 | CL73: 2 | CP73: 4 | CR73: 1 | CV73: 5 | CY73: 8 | DE73: 4 | DF73: 5 | DL73: 1 | DM73: 4 | DN73: 3 | DO73: 4 | DP73: 3 | DQ73: 1 | DR73: 3 | DT73: 1 | EC73: 8 | EG73: 12 | EJ73: 4 | EL73: 2 | EN73: 4 | ER73: 2 | ES73: 4 | ET73: 3 | EU73: 3 | EV73: 2 | EW73: 2 | EX73: 3 | EY73: 7 | EZ73: 5 | FC73: 4 | FD73: 1 | FE73: 50 | FF73: 30 | FG73: 1 | FI73: 2 | FK73: 1 | FM73: 2 | FO73: 2 | FQ73: 1 | FR73: 1 | FX73: 4 | GJ73: 8 | GS73: 17 | HA73: 1 | HJ73: 1 | HK73: 3 | HL73: 4 | HM73: 1 | HN73: 2 | HO73: 1 | HP73: 2 | HZ73: 3 | IA73: 4 | IE73: 2 | IN73: 1 | IP73: 3 | IV73: 3 | IW73: 1 | IX73: 2 | IY73: 3 | IZ73: 3 | JA73: 3 | JB73: 3 | JC73: 3 | JD73: 3 | JE73: 4 | JF73: 3 | JG73: 4 | JH73: 1 | JI73: 6 | JJ73: 9 | JK73: 3 | JL73: 11 | JN73: 9 | JP73: 4 | JR73: 2 | JS73: 4 | JT73: 4 | JU73: 3
A74: fi2a5oji | B74: fsc2tpal | C74: 2023-10-11 19:39:23 | D74: 여 | E74: 25 | F74: 20대 | G74: 25~29세 | H74: 경기 | I74: 서울 외 수도권 | J74: 25~34세 | K74: 수도권 | L74: 여 20대 | M74: 여 25~29세 | N74: 여 25~34세 | O74: 1 | Q74: 1 | R74: 2 | W74: 41 | X74: 3 | Z74: 1 | AA74: 2 | AJ74: 1 | AK74: 2 | AN74: 4 | AO74: 1 | AP74: 2 | AR74: 5 | AS74: 3 | AT74: 4 | AW74: 13 | AX74: 2 | BD74: 1 | BE74: 3 | BF74: 2 | BH74: 1 | BI74: 3 | BJ74: 4 | BK74: 2 | BL74: 2 | BM74: 2 | BN74: 2 | BO74: 4 | BP74: 1 | BU74: 1 | BV74: 2 | BY74: 2 | BZ74: 1 | CA74: 3 | CC74: 2 | CD74: 4 | CF74: 30 | CG74: 2 | CH74: 1 | CI74: 1 | CK74: 5 | CL74: 3 | CP74: 2 | CR74: 1 | CU74: 4 | CV74: 5 | CX74: 7 | DB74: 1 | DL74: 2 | DM74: 4 | DN74: 1 | DO74: 2 | DP74: 2 | DQ74: 1 | DR74: 2 | DT74: 2 | DV74: 1 | DW74: 2 | DY74: 4 | EJ74: 2 | EK74: 1 | ER74: 3 | ES74: 3 | ET74: 2 | EU74: 1 | EV74: 2 | EW74: 3 | EX74: 3 | EY74: 1 | EZ74: 3 | FA74: 4 | FC74: 3 | FD74: 1 | FE74: 120 | FF74: 45 | FG74: 2 | FI74: 2 | FK74: 1 | FM74: 1 | FO74: 2 | FQ74: 2 | FR74: 1 | FU74: 1 | FV74: 2 | FW74: 3 | GJ74: 8 | GK74: 9 | GO74: 13 | GP74: 14 | GT74: 18 | GV74: 20 | GW74: 21 | HA74: 1 | HJ74: 1 | HK74: 4 | HL74: 3 | HM74: 1 | HN74: 2 | HQ74: 3 | HX74: 1 | IE74: 1 | IJ74: 5 | IV74: 4 | IW74: 1 | IX74: 2 | IY74: 1 | IZ74: 2 | JA74: 1 | JB74: 3 | JC74: 2 | JD74: 1 | JE74: 2 | JF74: 1 | JG74: 2 | JH74: 1 | JI74: 5 | JJ74: 2 | JK74: 4 | JL74: 3 | JN74: 11 | JP74: 2 | JR74: 3 | JS74: 2 | JT74: 2 | JU74: 2
A75: z4buz2pd | B75: pwgy4rf4 | C75: 2023-10-11 19:17:57 | D75: 남 | E75: 49 | F75: 40대 | G75: 45~49세 | H75: 서울 | I75: 서울 | J75: 45~54세 | K75: 수도권 | L75: 남 40대 | M75: 남 45~49세 | N75: 남 45~54세 | O75: 1 | P75: -1 | W75: 8 | X75: 3 | Y75: -1 | AN75: 1 | AO75: 2 | AR75: 4 | AS75: 1 | AT75: 2 | AW75: 16 | AX75: 1 | AY75: 5 | AZ75: 13 | BA75: 11 | BD75: 4 | BE75: 3 | BF75: 6 | BH75: 1 | BI75: 4 | BJ75: 4 | BK75: 3 | BL75: 2 | BM75: 2 | BN75: 2 | BO75: 4 | BP75: 1 | BQ75: 3 | BU75: 1 | BV75: 2 | BW75: 3 | BX75: 4 | BY75: 1 | BZ75: 2 | CA75: 3 | CB75: 4 | CC75: 1 | CD75: 1 | CF75: 70 | CG75: 4 | CH75: 1 | CI75: 3 | CK75: 4 | CL75: 3 | CM75: 2 | CP75: 4 | CR75: 1 | CT75: 3 | CU75: 4 | CV75: 5 | DB75: 1 | DE75: 4 | DF75: 5 | DL75: 2 | DM75: 3 | DN75: 3 | DO75: 4 | DP75: 4 | DQ75: 1 | DR75: 4 | DT75: 2 | EC75: 8 | EJ75: 3 | EK75: 1 | EM75: 3 | EN75: 4 | ER75: 2 | ES75: 3 | ET75: 3 | EU75: 3 | EV75: 3 | EW75: 1 | EX75: 3 | EY75: 2 | EZ75: 9 | FA75: 4 | FC75: 3 | FD75: 1 | FE75: 25 | FF75: 30 | FG75: 1 | FI75: 1 | FK75: 2 | FM75: 2 | FO75: 2 | FQ75: 2 | FR75: 2 | FT75: -1 | GN75: 12 | GR75: 16 | GV75: 20 | GW75: 21 | GZ75: -1 | HJ75: 1 | HK75: 4 | HL75: 4 | HM75: 2 | HN75: 1 | HW75: -1 | IV75: 3 | IW75: 1 | IX75: 2 | IY75: 2 | IZ75: 3 | JA75: 4 | JB75: 2 | JC75: 3 | JD75: 3 | JE75: 4 | JF75: 4 | JG75: 4 | JH75: 1 | JI75: 6 | JJ75: 2 | JK75: 3 | JL75: 11 | JN75: 8 | JP75: 6 | JQ75: 교사 | JR75: 3 | JS75: 6 | JT75: 2 | JU75: 2
A76: f7sbuc1l | B76: fvwnn05q | C76: 2023-10-11 20:09:10 | D76: 남 | E76: 30 | F76: 30대 | G76: 30~34세 | H76: 인천 | I76: 서울 외 수도권 | J76: 25~34세 | K76: 수도권 | L76: 남 30대 | M76: 남 30~34세 | N76: 남 25~34세 | O76: 1 | P76: -1 | W76: 40 | X76: 5 | Y76: -1 | AN76: 2 | AO76: 3 | AR76: 5 | AS76: 4 | AW76: 2 | AX76: 7 | BD76: 1 | BH76: 1 | BI76: 2 | BJ76: 2 | BK76: 4 | BL76: 1 | BM76: 2 | BN76: 2 | BO76: 3 | BU76: 1 | BY76: 1 | CC76: 4 | CD76: 2 | CF76: 80 | CG76: 3 | CH76: 1 | CI76: 1 | CK76: 4 | CL76: 5 | CM76: 3 | CP76: 4 | CT76: 3 | CV76: 5 | DD76: 3 | DF76: 5 | DL76: 2 | DM76: 3 | DN76: 4 | DO76: 4 | DP76: 4 | DQ76: 1 | DR76: 2 | DT76: 4 | EC76: 8 | EJ76: 3 | EN76: 4 | EO76: 5 | ER76: 2 | ES76: 4 | ET76: 4 | EU76: 3 | EV76: 3 | EW76: 1 | EX76: 3 | EY76: 1 | EZ76: 5 | FC76: 3 | FD76: 1 | FE76: 20 | FF76: 30 | FG76: 2 | FI76: 2 | FK76: 1 | FM76: 1 | FO76: 4 | FQ76: 1 | FR76: 5 | FY76: 5 | GB76: -1 | GZ76: -1 | HJ76: 1 | HK76: 4 | HL76: 4 | HM76: 2 | HN76: 1 | HW76: -1 | IV76: 3 | IW76: 1 | IX76: 5 | IY76: 3 | IZ76: 4 | JA76: 4 | JB76: 3 | JC76: 4 | JD76: 5 | JE76: 5 | JF76: 4 | JG76: 5 | JH76: 1 | JI76: 6 | JJ76: 11 | JK76: 3 | JL76: 11 | JN76: 7 | JP76: 2 | JR76: 3 | JS76: 2 | JT76: 2 | JU76: 4
A77: xc1rutxw | B77: i5akx07l | C77: 2023-10-11 21:04:32 | D77: 여 | E77: 40 | F77: 40대 | G77: 40~44세 | H77: 인천 | I77: 서울 외 수도권 | J77: 35~44세 | K77: 수도권 | L77: 여 40대 | M77: 여 40~44세 | N77: 여 35~44세 | O77: 1 | S77: 3 | W77: 25 | X77: 4 | AA77: 2 | AB77: 3 | AJ77: 2 | AK77: 3 | AN77: 2 | AO77: 3 | AP77: 4 | AR77: 3 | AS77: 5 | AW77: 7 | AX77: 3 | AY77: 1 | BD77: 5 | BE77: 1 | BF77: 6 | BH77: 1 | BI77: 2 | BJ77: 3 | BK77: 2 | BL77: 2 | BM77: 4 | BN77: 2 | BO77: 2 | BP77: 4 | BQ77: 3 | BU77: 1 | BY77: 1 | CC77: 3 | CD77: 2 | CF77: 3 | CG77: 3 | CH77: 1 | CI77: 3 | CK77: 2 | CP77: 3 | CS77: 2 | CY77: 8 | DC77: 2 | DH77: 7 | DI77: 8 | DL77: 2 | DM77: 4 | DN77: 4 | DO77: 4 | DP77: 4 | DQ77: 1 | DR77: 3 | DT77: 2 | DW77: 2 | DY77: 4 | DZ77: 5 | EJ77: 3 | EK77: 1 | EL77: 2 | EM77: 3 | EO77: 5 | ER77: 2 | ES77: 3 | ET77: 3 | EU77: 3 | EV77: 3 | EW77: 2 | EX77: 3 | EY77: 2 | EZ77: 1 | FA77: 4 | FC77: 3 | FD77: 1 | FE77: 10 | FF77: 20 | FG77: 1 | FI77: 1 | FK77: 2 | FM77: 1 | FO77: 1 | FQ77: 2 | FR77: 1 | FW77: 3 | FX77: 4 | FY77: 5 | GW77: 21 | HB77: 2 | HJ77: 1 | HK77: 4 | HL77: 4 | HM77: 2 | HN77: 2 | HQ77: 3 | HR77: 4 | HZ77: 3 | IA77: 4 | IE77: 1 | II77: 4 | IJ77: 5 | IV77: 4 | IW77: 1 | IX77: 3 | IY77: 4 | IZ77: 4 | JA77: 4 | JB77: 4 | JC77: 4 | JD77: 4 | JE77: 4 | JF77: 4 | JG77: 4 | JH77: 1 | JI77: 4 | JJ77: 11 | JK77: 1 | JL77: 3 | JN77: 9 | JP77: 2 | JR77: 3 | JS77: 3 | JT77: 3 | JU77: 3
A78: p2tfq1rt | B78: qj3kr4p6 | C78: 2023-10-11 19:16:53 | D78: 여 | E78: 29 | F78: 20대 | G78: 25~29세 | H78: 경기 | I78: 서울 외 수도권 | J78: 25~34세 | K78: 수도권 | L78: 여 20대 | M78: 여 25~29세 | N78: 여 25~34세 | O78: 1 | Q78: 1 | R78: 2 | W78: 40 | X78: 3 | Z78: 1 | AA78: 2 | AB78: 3 | AF78: 7 | AJ78: 2 | AK78: 1 | AL78: 3 | AN78: 1 | AO78: 2 | AP78: 3 | AR78: 5 | AS78: 3 | AT78: 2 | AV78: -1 | BD78: 5 | BE78: 3 | BF78: 1 | BH78: 1 | BI78: 3 | BJ78: 5 | BK78: 3 | BL78: 2 | BM78: 1 | BN78: 4 | BO78: 3 | BP78: 4 | BQ78: 1 | BR78: 2 | BU78: 3 | BV78: 1 | BW78: 2 | BY78: 1 | BZ78: 2 | CA78: 3 | CB78: 4 | CC78: 5 | CD78: 4 | CE78: 2 | CF78: 60 | CG78: 4 | CH78: 1 | CI78: 5 | CK78: 3 | CL78: 4 | CM78: 1 | CN78: 5 | CO78: 2 | CP78: 4 | CR78: 1 | CS78: 2 | CT78: 3 | CY78: 8 | DB78: 1 | DC78: 2 | DH78: 7 | DL78: 2 | DM78: 3 | DN78: 4 | DO78: 3 | DP78: 4 | DQ78: 1 | DR78: 4 | DT78: 1 | DW78: 2 | DZ78: 5 | EB78: 7 | EC78: 8 | ED78: 9 | EF78: 11 | EJ78: 4 | EK78: 1 | EO78: 5 | ER78: 3 | ES78: 4 | ET78: 4 | EU78: 4 | EV78: 4 | EW78: 2 | EX78: 3 | EY78: 1 | EZ78: 8 | FA78: 2 | FC78: 4 | FD78: 1 | FE78: 70 | FF78: 30 | FG78: 2 | FI78: 2 | FK78: 1 | FM78: 1 | FO78: 4 | FQ78: 1 | FR78: 5 | FU78: 1 | FV78: 2 | FW78: 3 | FX78: 4 | FY78: 5 | GQ78: 15 | GT78: 18 | GW78: 21 | HA78: 1 | HB78: 2 | HC78: 3 | HD78: 4 | HE78: 5 | HJ78: 1 | HK78: 3 | HL78: 4 | HM78: 2 | HN78: 2 | HP78: 2 | HQ78: 3 | HR78: 4 | HT78: 6 | HX78: 1 | HY78: 2 | IE78: 1 | IG78: 2 | IH78: 3 | II78: 4 | IV78: 4 | IW78: 1 | IX78: 4 | IY78: 4 | IZ78: 4 | JA78: 4 | JB78: 4 | JC78: 3 | JD78: 4 | JE78: 4 | JF78: 4 | JG78: 4 | JH78: 1 | JI78: 3 | JJ78: 9 | JK78: 3 | JL78: 1 | JN78: 1 | JP78: 2 | JR78: 3 | JS78: 2 | JT78: 2 | JU78: 2
A79: rpdvo4fl | B79: xqvpd4nr | C79: 2023-10-11 19:57:34 | D79: 여 | E79: 43 | F79: 40대 | G79: 40~44세 | H79: 인천 | I79: 서울 외 수도권 | J79: 35~44세 | K79: 수도권 | L79: 여 40대 | M79: 여 40~44세 | N79: 여 35~44세 | O79: 1 | P79: -1 | W79: 40 | X79: 1 | Z79: 1 | AJ79: 1 | AN79: 1 | AO79: 2 | AP79: 4 | AR79: 1 | AS79: 2 | AT79: 4 | AW79: 2 | AX79: 9 | AY79: 8 | BD79: 4 | BE79: 3 | BF79: 6 | BH79: 1 | BI79: 4 | BJ79: 4 | BK79: 3 | BL79: 2 | BM79: 2 | BN79: 4 | BO79: 4 | BU79: 2 | BY79: 2 | CC79: 3 | CD79: 2 | CF79: 60 | CG79: 3 | CH79: 1 | CI79: 1 | CK79: 1 | CP79: 3 | CR79: 1 | CT79: 3 | DB79: 1 | DF79: 5 | DL79: 2 | DM79: 3 | DN79: 3 | DO79: 3 | DP79: 3 | DQ79: 1 | DR79: 1 | DT79: 2 | DY79: 4 | DZ79: 5 | EC79: 8 | EF79: 11 | EJ79: 3 | EL79: 2 | EN79: 4 | ER79: 2 | ES79: 3 | ET79: 3 | EU79: 3 | EV79: 3 | EW79: 2 | EX79: 3 | EY79: 5 | EZ79: 1 | FA79: 2 | FC79: 3 | FD79: 1 | FE79: 15 | FF79: 20 | FG79: 1 | FI79: 1 | FK79: 2 | FM79: 3 | FO79: 1 | FQ79: 2 | FR79: 1 | FU79: 1 | FW79: 3 | FX79: 4 | FY79: 5 | GW79: 21 | HE79: 5 | HJ79: 1 | HK79: 3 | HL79: 4 | HM79: 1 | HN79: 1 | HZ79: 3 | IE79: 3 | IF79: 1 | IN79: 1 | IV79: 3 | IW79: 1 | IX79: 3 | IY79: 3 | IZ79: 3 | JA79: 3 | JB79: 3 | JC79: 3 | JD79: 3 | JE79: 3 | JF79: 3 | JG79: 3 | JH79: 1 | JI79: 6 | JJ79: 11 | JK79: 2 | JL79: 5 | JN79: 2 | JP79: 2 | JR79: 2 | JS79: 5 | JT79: 4 | JU79: 0
A80: jdzurnu5 | B80: nt6qt0o1 | C80: 2023-10-11 19:26:31 | D80: 여 | E80: 45 | F80: 40대 | G80: 45~49세 | H80: 서울 | I80: 서울 | J80: 45~54세 | K80: 수도권 | L80: 여 40대 | M80: 여 45~49세 | N80: 여 45~54세 | O80: 1 | P80: -1 | W80: 40 | X80: 5 | Y80: -1 | AN80: 2 | AO80: 4 | AP80: 3 | AR80: 1 | AS80: 4 | AT80: 2 | AW80: 5 | AX80: 13 | AY80: 9 | BD80: 5 | BE80: 4 | BF80: 6 | BH80: 1 | BI80: 3 | BJ80: 4 | BK80: 2 | BL80: 2 | BM80: 3 | BN80: 1 | BO80: 4 | BU80: 2 | BY80: 4 | BZ80: 3 | CC80: 1 | CD80: 1 | CF80: 70 | CG80: 3 | CH80: 1 | CI80: 2 | CK80: 3 | CL80: 4 | CP80: 3 | CV80: 5 | DB80: 1 | DF80: 5 | DL80: 2 | DM80: 3 | DN80: 2 | DO80: 2 | DP80: 2 | DQ80: 1 | DR80: 2 | DT80: 2 | DW80: 2 | DZ80: 5 | EJ80: 3 | EK80: 1 | EL80: 2 | EN80: 4 | ER80: 2 | ES80: 3 | ET80: 3 | EU80: 3 | EV80: 3 | EW80: 2 | EX80: 2 | EY80: 2 | EZ80: 9 | FA80: 3 | FC80: 3 | FD80: 1 | FE80: 15 | FF80: 20 | FG80: 1 | FI80: 1 | FK80: 1 | FM80: 3 | FO80: 4 | FQ80: 2 | FR80: 1 | FU80: 1 | FV80: 2 | FX80: 4 | FY80: 5 | GC80: 1 | GN80: 12 | HA80: 1 | HJ80: 1 | HK80: 2 | HL80: 4 | HM80: 2 | HN80: 1 | HZ80: 3 | IE80: 3 | II80: 4 | IN80: 1 | IP80: 3 | IV80: 2 | IW80: 1 | IX80: 2 | IY80: 2 | IZ80: 2 | JA80: 3 | JB80: 1 | JC80: 2 | JD80: 2 | JE80: 3 | JF80: 2 | JG80: 3 | JH80: 1 | JI80: 6 | JJ80: 9 | JK80: 2 | JL80: 11 | JN80: 8 | JP80: 4 | JR80: 3 | JS80: 6 | JT80: 2 | JU80: 4
A81: cnaepwjk | B81: zxecpve8 | C81: 2023-10-11 19:17:21 | D81: 여 | E81: 43 | F81: 40대 | G81: 40~44세 | H81: 서울 | I81: 서울 | J81: 35~44세 | K81: 수도권 | L81: 여 40대 | M81: 여 40~44세 | N81: 여 35~44세 | O81: 1 | S81: 3 | W81: 45 | X81: 3 | AB81: 3 | AJ81: 3 | AN81: 3 | AR81: 2 | AW81: 1 | AX81: 2 | BD81: 9 | BH81: 1 | BI81: 1 | BJ81: 4 | BK81: 3 | BL81: 4 | BM81: 5 | BN81: 4 | BO81: 2 | BU81: 1 | BY81: 2 | CC81: 4 | CD81: 3 | CF81: 80 | CG81: 4 | CH81: 1 | CI81: 1 | CK81: 2 | CP81: 3 | CV81: 5 | DB81: 1 | DL81: 1 | DM81: 4 | DN81: 2 | DO81: 4 | DP81: 5 | DQ81: 1 | DR81: 2 | DT81: 3 | EC81: 8 | EJ81: 4 | EM81: 3 | ER81: 2 | ES81: 5 | ET81: 4 | EU81: 5 | EV81: 3 | EW81: 3 | EX81: 2 | EY81: 9 | FC81: 4 | FD81: 1 | FE81: 10 | FF81: 20 | FG81: 3 | FI81: 1 | FK81: 2 | FM81: 2 | FO81: 1 | FQ81: 2 | FR81: 1 | FW81: 3 | GQ81: 15 | GT81: 18 | HD81: 4 | HG81: 7 | HJ81: 1 | HK81: 4 | HL81: 4 | HM81: 1 | HN81: 1 | HX81: 1 | IE81: 3 | IF81: 1 | IN81: 1 | IV81: 3 | IW81: 1 | IX81: 4 | IY81: 4 | IZ81: 4 | JA81: 4 | JB81: 4 | JC81: 4 | JD81: 4 | JE81: 3 | JF81: 3 | JG81: 4 | JH81: 1 | JI81: 6 | JJ81: 2 | JK81: 2 | JL81: 7 | JN81: 10 | JP81: 2 | JR81: 3 | JS81: 2 | JT81: 2 | JU81: 2
A82: 921o18m4 | B82: xmopy454 | C82: 2023-10-11 19:16:53 | D82: 여 | E82: 25 | F82: 20대 | G82: 25~29세 | H82: 울산 | I82: 5대광역시 | J82: 25~34세 | K82: 비수도권 | L82: 여 20대 | M82: 여 25~29세 | N82: 여 25~34세 | O82: 1 | P82: -1 | W82: 52 | X82: 6 | Z82: 1 | AA82: 2 | AJ82: 1 | AN82: 1 | AO82: 4 | AP82: 2 | AR82: 1 | AS82: 2 | AT82: 3 | AW82: 4 | AX82: 1 | AY82: 7 | AZ82: 2 | BA82: 12 | BD82: 4 | BE82: 8 | BF82: 1 | BH82: 1 | BI82: 2 | BJ82: 4 | BK82: 4 | BL82: 4 | BM82: 5 | BN82: 4 | BO82: 3 | BP82: 1 | BQ82: 4 | BU82: 2 | BV82: 3 | BY82: 2 | CC82: 4 | CD82: 4 | CE82: 4 | CF82: 50 | CG82: 3 | CH82: 1 | CI82: 1 | CK82: 1 | CL82: 3 | CM82: 5 | CP82: 3 | CT82: 3 | CU82: 4 | CY82: 8 | DC82: 2 | DD82: 3 | DE82: 4 | DL82: 1 | DM82: 2 | DN82: 2 | DO82: 3 | DP82: 2 | DQ82: 1 | DR82: 2 | DT82: 3 | DV82: 1 | EC82: 8 | EE82: 10 | EJ82: 4 | EO82: 5 | ER82: 2 | ES82: 2 | ET82: 3 | EU82: 4 | EV82: 3 | EW82: 2 | EX82: 3 | EY82: 6 | FC82: 4 | FD82: 1 | FE82: 35 | FF82: 20 | FG82: 1 | FI82: 1 | FK82: 3 | FM82: 3 | FO82: 1 | FQ82: 2 | FR82: 1 | FV82: 2 | FX82: 4 | FY82: 5 | GE82: 3 | GF82: 4 | GJ82: 8 | HA82: 1 | HD82: 4 | HE82: 5 | HJ82: 1 | HK82: 4 | HL82: 4 | HM82: 2 | HN82: 1 | HW82: -1 | IV82: 3 | IW82: 1 | IX82: 3 | IY82: 4 | IZ82: 4 | JA82: 3 | JB82: 4 | JC82: 4 | JD82: 4 | JE82: 4 | JF82: 3 | JG82: 4 | JH82: 1 | JI82: 6 | JJ82: 10 | JK82: 5 | JL82: 1 | JN82: 1 | JP82: 2 | JR82: 2 | JS82: 2 | JT82: 2 | JU82: 5
A83: j1gbz03i | B83: rnyb7ijw | C83: 2023-10-11 20:09:49 | D83: 여 | E83: 41 | F83: 40대 | G83: 40~44세 | H83: 대구 | I83: 5대광역시 | J83: 35~44세 | K83: 비수도권 | L83: 여 40대 | M83: 여 40~44세 | N83: 여 35~44세 | O83: 1 | S83: 3 | W83: 40 | X83: 4 | Z83: 1 | AJ83: 1 | AN83: 1 | AO83: 2 | AR83: 2 | AS83: 5 | AW83: 10 | AX83: 2 | AY83: 1 | AZ83: 8 | BA83: 9 | BD83: 6 | BE83: 1 | BF83: 4 | BH83: 1 | BI83: 4 | BJ83: 4 | BK83: 4 | BL83: 2 | BM83: 4 | BN83: 2 | BO83: 1 | BP83: 4 | BQ83: 3 | BR83: 2 | BU83: 2 | BV83: 1 | BW83: 3 | BX83: 4 | BY83: 1 | BZ83: 2 | CA83: 3 | CB83: 4 | CC83: 1 | CD83: 3 | CF83: 30 | CG83: 2 | CH83: 1 | CI83: 1 | CK83: 2 | CL83: 1 | CM83: 3 | CN83: 5 | CO83: 4 | CP83: 2 | CS83: 2 | CV83: 5 | DC83: 2 | DI83: 8 | DL83: 1 | DM83: 2 | DN83: 3 | DO83: 2 | DP83: 2 | DQ83: 1 | DR83: 1 | DT83: 2 | EC83: 8 | EJ83: 2 | EK83: 1 | EL83: 2 | EN83: 4 | ER83: 2 | ES83: 2 | ET83: 2 | EU83: 2 | EV83: 2 | EW83: 1 | EX83: 3 | EY83: 3 | EZ83: 1 | FA83: 4 | FC83: 2 | FD83: 1 | FE83: 20 | FF83: 30 | FG83: 1 | FI83: 1 | FK83: 2 | FM83: 2 | FO83: 1 | FQ83: 2 | FR83: 1 | FW83: 3 | GP83: 14 | GV83: 20 | GZ83: -1 | HJ83: 1 | HK83: 4 | HL83: 5 | HM83: 2 | HN83: 1 | HW83: -1 | IV83: 2 | IW83: 1 | IX83: 1 | IY83: 2 | IZ83: 2 | JA83: 2 | JB83: 3 | JC83: 3 | JD83: 3 | JE83: 2 | JF83: 3 | JG83: 4 | JH83: 1 | JI83: 6 | JJ83: 6 | JK83: 3 | JL83: 11 | JN83: 9 | JP83: 4 | JR83: 3 | JS83: 3 | JT83: 1 | JU83: 3
A84: i25gwr3h | B84: jztjrp74 | C84: 2023-10-11 19:30:46 | D84: 여 | E84: 38 | F84: 30대 | G84: 35~39세 | H84: 서울 | I84: 서울 | J84: 35~44세 | K84: 수도권 | L84: 여 30대 | M84: 여 35~39세 | N84: 여 35~44세 | O84: 1 | S84: 3 | W84: 40 | X84: 4 | Z84: 1 | AJ84: 1 | AN84: 1 | AR84: 1 | AW84: 8 | AX84: 9 | AY84: 7 | AZ84: 2 | BD84: 6 | BE84: 3 | BF84: 4 | BH84: 1 | BI84: 4 | BJ84: 4 | BK84: 2 | BL84: 2 | BM84: 4 | BN84: 3 | BO84: 1 | BP84: 4 | BQ84: 3 | BR84: 2 | BU84: 1 | BY84: 1 | CC84: 1 | CD84: 1 | CF84: 70 | CG84: 4 | CH84: 1 | CI84: 2 | CK84: 4 | CL84: 2 | CM84: 1 | CN84: 3 | CO84: 5 | CP84: 4 | CS84: 2 | CU84: 4 | CX84: 7 | DF84: 5 | DI84: 8 | DL84: 3 | DM84: 4 | DN84: 3 | DO84: 3 | DP84: 4 | DQ84: 1 | DR84: 4 | DT84: 1 | EC84: 8 | ED84: 9 | EF84: 11 | EJ84: 4 | EK84: 1 | EN84: 4 | ER84: 3 | ES84: 4 | ET84: 4 | EU84: 4 | EV84: 4 | EW84: 2 | EX84: 4 | EY84: 4 | EZ84: 5 | FA84: 1 | FC84: 4 | FD84: 1 | FE84: 20 | FF84: 30 | FG84: 1 | FI84: 1 | FK84: 2 | FM84: 3 | FO84: 3 | FQ84: 2 | FR84: 2 | FU84: 1 | FW84: 3 | GK84: 9 | GM84: 11 | GO84: 13 | GQ84: 15 | GT84: 18 | GV84: 20 | GW84: 21 | HC84: 3 | HF84: 6 | HJ84: 1 | HK84: 5 | HL84: 5 | HM84: 1 | HN84: 2 | HR84: 4 | HX84: 1 | IE84: 1 | II84: 4 | IV84: 4 | IW84: 1 | IX84: 4 | IY84: 4 | IZ84: 4 | JA84: 4 | JB84: 4 | JC84: 4 | JD84: 4 | JE84: 4 | JF84: 4 | JG84: 4 | JH84: 1 | JI84: 6 | JJ84: 17 | JK84: 4 | JL84: 11 | JN84: 2 | JP84: 4 | JR84: 3 | JS84: 3 | JT84: 1 | JU84: 3
A85: ncxu2is5 | B85: 689nzvko | C85: 2023-10-12 09:59:25 | D85: 남 | E85: 56 | F85: 50대 | G85: 55~59세 | H85: 경기 | I85: 서울 외 수도권 | J85: 55~64세 | K85: 수도권 | L85: 남 50대 | M85: 남 55~59세 | N85: 남 55~64세 | O85: 1 | Q85: 1 | R85: 2 | S85: 3 | W85: 45 | X85: 3 | Z85: 1 | AJ85: 1 | AN85: 1 | AO85: 2 | AP85: 5 | AR85: 5 | AS85: 2 | AT85: 1 | AW85: 8 | AX85: 16 | AY85: 2 | AZ85: 1 | BA85: 9 | BD85: 1 | BE85: 5 | BF85: 10 | BH85: 1 | BI85: 4 | BJ85: 5 | BK85: 4 | BL85: 1 | BM85: 2 | BN85: 4 | BO85: 3 | BP85: 2 | BQ85: 4 | BR85: 1 | BU85: 2 | BY85: 2 | CC85: 3 | CD85: 1 | CF85: 70 | CG85: 4 | CH85: 1 | CI85: 1 | CK85: 4 | CL85: 1 | CM85: 3 | CN85: 2 | CO85: 5 | CP85: 4 | CR85: 1 | CS85: 2 | CT85: 3 | CU85: 4 | CX85: 7 | DD85: 3 | DF85: 5 | DG85: 6 | DL85: 2 | DM85: 3 | DN85: 3 | DO85: 3 | DP85: 3 | DQ85: 1 | DR85: 2 | DT85: 1 | DW85: 2 | EC85: 8 | EJ85: 4 | EL85: 2 | EN85: 4 | EO85: 5 | ER85: 2 | ES85: 4 | ET85: 4 | EU85: 4 | EV85: 4 | EW85: 2 | EX85: 4 | EY85: 4 | EZ85: 3 | FA85: 9 | FC85: 4 | FD85: 1 | FE85: 90 | FF85: 30 | FG85: 1 | FI85: 1 | FK85: 2 | FM85: 2 | FO85: 1 | FQ85: 2 | FR85: 1 | FU85: 1 | FW85: 3 | FX85: 4 | GD85: 2 | GI85: 7 | GK85: 9 | GO85: 13 | GV85: 20 | HA85: 1 | HE85: 5 | HJ85: 1 | HK85: 5 | HL85: 5 | HM85: 2 | HN85: 1 | HW85: -1 | IV85: 3 | IW85: 1 | IX85: 2 | IY85: 4 | IZ85: 3 | JA85: 3 | JB85: 3 | JC85: 3 | JD85: 3 | JE85: 3 | JF85: 3 | JG85: 3 | JH85: 1 | JI85: 6 | JJ85: 9 | JK85: 5 | JL85: 11 | JN85: 12 | JP85: 4 | JR85: 2 | JS85: 6 | JT85: 6 | JU85: 2
A86: n9ax9qq4 | B86: n2i2mg69 | C86: 2023-10-11 19:36:17 | D86: 남 | E86: 35 | F86: 30대 | G86: 35~39세 | H86: 대전 | I86: 5대광역시 | J86: 35~44세 | K86: 비수도권 | L86: 남 30대 | M86: 남 35~39세 | N86: 남 35~44세 | O86: 1 | Q86: 1 | R86: 2 | S86: 3 | W86: 40 | X86: 5 | Z86: 1 | AA86: 2 | AJ86: 1 | AN86: 1 | AO86: 4 | AR86: 3 | AS86: 4 | AT86: 2 | AW86: 10 | AX86: 1 | AY86: 2 | AZ86: 9 | BA86: 8 | BD86: 7 | BE86: 5 | BF86: 1 | BH86: 1 | BI86: 3 | BJ86: 5 | BK86: 3 | BL86: 1 | BM86: 2 | BN86: 1 | BO86: 4 | BP86: 1 | BQ86: 3 | BU86: 1 | BV86: 2 | BY86: 2 | BZ86: 1 | CC86: 3 | CD86: 1 | CF86: 40 | CG86: 3 | CH86: 1 | CI86: 1 | CK86: 4 | CL86: 1 | CP86: 2 | CU86: 4 | CV86: 5 | DC86: 2 | DD86: 3 | DI86: 8 | DL86: 2 | DM86: 2 | DN86: 1 | DO86: 2 | DP86: 2 | DQ86: 1 | DR86: 2 | DT86: 2 | EC86: 8 | EJ86: 1 | EL86: 2 | EN86: 4 | ER86: 1 | ES86: 3 | ET86: 3 | EU86: 2 | EV86: 2 | EW86: 2 | EX86: 1 | EY86: 1 | EZ86: 3 | FA86: 9 | FC86: 2 | FD86: 1 | FE86: 25 | FF86: 30 | FG86: 1 | FI86: 2 | FK86: 2 | FM86: 2 | FO86: 3 | FQ86: 2 | FR86: 2 | FW86: 3 | GB86: -1 | GZ86: -1 | HJ86: 1 | HK86: 4 | HL86: 5 | HM86: 2 | HN86: 1 | HX86: 1 | IE86: 2 | IO86: 2 | IR86: 5 | IS86: 6 | IV86: 1 | IW86: 1 | IX86: 1 | IY86: 1 | IZ86: 1 | JA86: 1 | JB86: 2 | JC86: 2 | JD86: 2 | JE86: 2 | JF86: 1 | JG86: 4 | JH86: 1 | JI86: 6 | JJ86: 7 | JK86: 1 | JL86: 11 | JN86: 2 | JP86: 4 | JR86: 3 | JS86: 2 | JT86: 2 | JU86: 4
A87: 64kcc8yc | B87: fnkx9rhl | C87: 2023-10-11 20:02:17 | D87: 남 | E87: 39 | F87: 30대 | G87: 35~39세 | H87: 서울 | I87: 서울 | J87: 35~44세 | K87: 수도권 | L87: 남 30대 | M87: 남 35~39세 | N87: 남 35~44세 | O87: 1 | R87: 2 | W87: 8 | X87: 3 | Z87: 1 | AA87: 2 | AB87: 3 | AD87: 5 | AJ87: 3 | AK87: 5 | AL87: 2 | AN87: 3 | AO87: 4 | AP87: 2 | AR87: 3 | AS87: 4 | AT87: 2 | AW87: 2 | AX87: 11 | AY87: 3 | BD87: 7 | BE87: 1 | BF87: 4 | BH87: 1 | BI87: 1 | BJ87: 2 | BK87: 3 | BL87: 5 | BM87: 4 | BN87: 4 | BO87: 4 | BP87: 2 | BQ87: 1 | BR87: 3 | BU87: 3 | BY87: 1 | CC87: 3 | CD87: 4 | CF87: 30 | CG87: 4 | CH87: 1 | CI87: 3 | CK87: 1 | CL87: 4 | CP87: 4 | CR87: 1 | CT87: 3 | CU87: 4 | CW87: 6 | DD87: 3 | DG87: 6 | DH87: 7 | DL87: 3 | DM87: 4 | DN87: 4 | DO87: 4 | DP87: 4 | DQ87: 1 | DR87: 2 | DT87: 2 | DW87: 2 | EC87: 8 | EJ87: 2 | EK87: 1 | EL87: 2 | ER87: 1 | ES87: 2 | ET87: 2 | EU87: 2 | EV87: 2 | EW87: 3 | EX87: 3 | EY87: 8 | EZ87: 5 | FA87: 9 | FC87: 4 | FD87: 1 | FE87: 80 | FF87: 30 | FG87: 1 | FI87: 1 | FK87: 2 | FM87: 2 | FO87: 3 | FQ87: 2 | FR87: 4 | FU87: 1 | FV87: 2 | FW87: 3 | GK87: 9 | GL87: 10 | GO87: 13 | GT87: 18 | HC87: 3 | HE87: 5 | HJ87: 1 | HK87: 4 | HL87: 3 | HM87: 1 | HN87: 1 | HX87: 1 | IE87: 1 | IH87: 3 | II87: 4 | IV87: 4 | IW87: 1 | IX87: 3 | IY87: 2 | IZ87: 4 | JA87: 4 | JB87: 4 | JC87: 3 | JD87: 3 | JE87: 3 | JF87: 4 | JG87: 4 | JH87: 1 | JI87: 6 | JJ87: 9 | JK87: 4 | JL87: 3 | JN87: 5 | JP87: 1 | JR87: 3 | JS87: 4 | JT87: 3 | JU87: 2
A88: 8x5hrfy6 | B88: nqrl4twt | C88: 2023-10-11 19:26:51 | D88: 여 | E88: 35 | F88: 30대 | G88: 35~39세 | H88: 광주 | I88: 5대광역시 | J88: 35~44세 | K88: 비수도권 | L88: 여 30대 | M88: 여 35~39세 | N88: 여 35~44세 | O88: 1 | Q88: 1 | R88: 2 | S88: 3 | W88: 40 | X88: 4 | Z88: 1 | AA88: 2 | AJ88: 1 | AN88: 1 | AR88: 1 | AW88: 2 | BD88: 4 | BE88: 9 | BF88: 6 | BH88: 1 | BI88: 1 | BJ88: 3 | BK88: 3 | BL88: 3 | BM88: 3 | BN88: 3 | BO88: 1 | BP88: 4 | BU88: 2 | BY88: 1 | CC88: 3 | CD88: 1 | CF88: 80 | CG88: 2 | CH88: 1 | CI88: 1 | CK88: 1 | CL88: 3 | CP88: 3 | CS88: 2 | CY88: 8 | DD88: 3 | DI88: 8 | DL88: 2 | DM88: 3 | DN88: 3 | DO88: 3 | DP88: 3 | DQ88: 1 | DR88: 2 | DT88: 2 | DX88: 3 | DZ88: 5 | EJ88: 3 | EO88: 5 | ER88: 3 | ES88: 3 | ET88: 3 | EU88: 3 | EV88: 3 | EW88: 3 | EX88: 1 | EY88: 2 | FC88: 3 | FD88: 1 | FE88: 40 | FF88: 20 | FG88: 1 | FI88: 1 | FK88: 2 | FM88: 3 | FO88: 2 | FQ88: 1 | FR88: 2 | FT88: -1 | GB88: -1 | GZ88: -1 | HJ88: 1 | HK88: 3 | HL88: 3 | HM88: 1 | HN88: 1 | HW88: -1 | IV88: 3 | IW88: 1 | IX88: 3 | IY88: 3 | IZ88: 3 | JA88: 3 | JB88: 3 | JC88: 3 | JD88: 3 | JE88: 3 | JF88: 3 | JG88: 3 | JH88: 1 | JI88: 6 | JJ88: 12 | JK88: 4 | JL88: 11 | JN88: 2 | JP88: 4 | JR88: 3 | JS88: 3 | JT88: 3 | JU88: 3
A89: fnmy2udf | B89: x257mfqv | C89: 2023-10-11 20:50:33 | D89: 남 | E89: 40 | F89: 40대 | G89: 40~44세 | H89: 대구 | I89: 5대광역시 | J89: 35~44세 | K89: 비수도권 | L89: 남 40대 | M89: 남 40~44세 | N89: 남 35~44세 | O89: 1 | S89: 3 | W89: 40 | X89: 4 | Z89: 1 | AJ89: 1 | AN89: 1 | AO89: 4 | AP89: 6 | AR89: 3 | AS89: 5 | AT89: 6 | AW89: 4 | AX89: 2 | AY89: 9 | BD89: 5 | BE89: 6 | BF89: 4 | BH89: 1 | BI89: 2 | BJ89: 5 | BK89: 1 | BL89: 1 | BM89: 3 | BN89: 3 | BO89: 1 | BU89: 1 | BY89: 1 | CC89: 2 | CD89: 2 | CF89: 50 | CG89: 4 | CH89: 1 | CI89: 1 | CK89: 1 | CL89: 4 | CP89: 3 | CR89: 1 | CT89: 3 | DB89: 1 | DC89: 2 | DE89: 4 | DL89: 2 | DM89: 4 | DN89: 5 | DO89: 4 | DP89: 4 | DQ89: 1 | DR89: 4 | DT89: 2 | DZ89: 5 | EA89: 6 | EF89: 11 | EJ89: 2 | EL89: 2 | EN89: 4 | ER89: 1 | ES89: 3 | ET89: 3 | EU89: 2 | EV89: 3 | EW89: 1 | EX89: 3 | EY89: 6 | EZ89: 3 | FA89: 7 | FC89: 3 | FD89: 1 | FE89: 10 | FF89: 40 | FG89: 1 | FI89: 1 | FK89: 2 | FM89: 3 | FO89: 1 | FQ89: 2 | FR89: 1 | FT89: -1 | GK89: 9 | GT89: 18 | GV89: 20 | GZ89: -1 | HJ89: 1 | HK89: 4 | HL89: 4 | HM89: 1 | HN89: 1 | HW89: -1 | IV89: 3 | IW89: 1 | IX89: 2 | IY89: 2 | IZ89: 4 | JA89: 3 | JB89: 3 | JC89: 2 | JD89: 2 | JE89: 3 | JF89: 2 | JG89: 3 | JH89: 1 | JI89: 6 | JJ89: 4 | JK89: 5 | JL89: 11 | JN89: 13 | JO89: 회의록 작성 | JP89: 4 | JR89: 3 | JS89: 2 | JT89: 2 | JU89: 3
A90: nkkcn7ib | B90: rv45sjxc | C90: 2023-10-12 12:18:44 | D90: 남 | E90: 50 | F90: 50대 | G90: 50~54세 | H90: 대구 | I90: 5대광역시 | J90: 45~54세 | K90: 비수도권 | L90: 남 50대 | M90: 남 50~54세 | N90: 남 45~54세 | O90: 1 | P90: -1 | W90: 40 | X90: 6 | Z90: 1 | AJ90: 1 | AN90: 1 | AR90: 2 | AW90: 5 | AX90: 6 | AY90: 2 | AZ90: 1 | BA90: 9 | BD90: 8 | BE90: 6 | BF90: 5 | BH90: 1 | BI90: 4 | BJ90: 1 | BK90: 4 | BL90: 1 | BM90: 5 | BN90: 1 | BO90: 4 | BP90: 3 | BU90: 1 | BY90: 1 | BZ90: 2 | CC90: 3 | CD90: 1 | CF90: 90 | CG90: 1 | CH90: 1 | CI90: 1 | CK90: 2 | CL90: 4 | CM90: 3 | CN90: 5 | CO90: 1 | CP90: 1 | CV90: 5 | DC90: 2 | DD90: 3 | DI90: 8 | DL90: 1 | DM90: 1 | DN90: 1 | DO90: 1 | DP90: 1 | DQ90: 1 | DR90: 3 | DT90: 2 | DZ90: 5 | EC90: 8 | EJ90: 3 | EL90: 2 | EN90: 4 | EO90: 5 | ER90: 2 | ES90: 1 | ET90: 1 | EU90: 1 | EV90: 1 | EW90: 1 | EX90: 1 | EY90: 1 | EZ90: 5 | FA90: 3 | FC90: 1 | FD90: 1 | FE90: 40 | FF90: 20 | FG90: 1 | FI90: 1 | FK90: 2 | FM90: 3 | FO90: 1 | FQ90: 2 | FR90: 1 | FX90: 4 | GQ90: 15 | HE90: 5 | HJ90: 1 | HK90: 3 | HL90: 4 | HM90: 1 | HN90: 1 | HZ90: 3 | IE90: 1 | IG90: 2 | II90: 4 | IV90: 3 | IW90: 1 | IX90: 1 | IY90: 2 | IZ90: 1 | JA90: 1 | JB90: 1 | JC90: 1 | JD90: 1 | JE90: 1 | JF90: 1 | JG90: 1 | JH90: 1 | JI90: 6 | JJ90: 6 | JK90: 1 | JL90: 5 | JN90: 11 | JP90: 2 | JR90: 3 | JS90: 6 | JT90: 6 | JU90: 5
A91: 89377hi5 | B91: 22fmoomd | C91: 2023-10-12 11:58:53 | D91: 남 | E91: 27 | F91: 20대 | G91: 25~29세 | H91: 서울 | I91: 서울 | J91: 25~34세 | K91: 수도권 | L91: 남 20대 | M91: 남 25~29세 | N91: 남 25~34세 | O91: 1 | P91: -1 | W91: 45 | X91: 6 | Z91: 1 | AJ91: 1 | AN91: 1 | AO91: 2 | AR91: 1 | AS91: 2 | AV91: -1 | BC91: -1 | BH91: 1 | BI91: 1 | BJ91: 2 | BK91: 3 | BL91: 3 | BM91: 4 | BN91: 3 | BO91: 4 | BU91: 3 | BY91: 1 | CC91: 3 | CD91: 3 | CF91: 60 | CG91: 3 | CH91: 1 | CI91: 4 | CK91: 1 | CP91: 3 | CQ91: -1 | DF91: 5 | DL91: 1 | DM91: 3 | DN91: 2 | DO91: 2 | DP91: 3 | DQ91: 1 | DR91: 2 | DT91: 1 | DZ91: 5 | EJ91: 3 | EL91: 2 | EN91: 4 | ER91: 1 | ES91: 3 | ET91: 3 | EU91: 4 | EV91: 2 | EW91: 2 | EX91: 3 | EY91: 1 | FC91: 3 | FD91: 1 | FE91: 30 | FF91: 30 | FG91: 1 | FI91: 1 | FK91: 3 | FM91: 3 | FO91: 1 | FQ91: 2 | FR91: 1 | FT91: -1 | GB91: -1 | GZ91: -1 | HJ91: 1 | HK91: 3 | HL91: 3 | HM91: 2 | HN91: 1 | HW91: -1 | IV91: 2 | IW91: 1 | IX91: 1 | IY91: 2 | IZ91: 3 | JA91: 2 | JB91: 2 | JC91: 2 | JD91: 3 | JE91: 3 | JF91: 2 | JG91: 4 | JH91: 1 | JI91: 6 | JJ91: 9 | JK91: 3 | JL91: 6 | JN91: 6 | JP91: 2 | JR91: 3 | JS91: 2 | JT91: 2 | JU91: 5
A92: x26q241i | B92: rlcv8t4i | C92: 2023-10-12 12:22:54 | D92: 남 | E92: 56 | F92: 50대 | G92: 55~59세 | H92: 부산 | I92: 5대광역시 | J92: 55~64세 | K92: 비수도권 | L92: 남 50대 | M92: 남 55~59세 | N92: 남 55~64세 | O92: 1 | S92: 3 | W92: 40 | X92: 6 | Z92: 1 | AJ92: 1 | AN92: 1 | AR92: 1 | AS92: 2 | AT92: 3 | AW92: 9 | AX92: 10 | AY92: 2 | BD92: 2 | BE92: 10 | BF92: 7 | BH92: 1 | BI92: 2 | BJ92: 4 | BK92: 3 | BL92: 4 | BM92: 2 | BN92: 2 | BO92: 3 | BP92: 4 | BQ92: 1 | BU92: 3 | BY92: 3 | BZ92: 2 | CC92: 3 | CD92: 2 | CF92: 50 | CG92: 4 | CH92: 1 | CI92: 1 | CK92: 2 | CP92: 4 | CU92: 4 | CV92: 5 | DC92: 2 | DD92: 3 | DH92: 7 | DL92: 1 | DM92: 3 | DN92: 2 | DO92: 4 | DP92: 3 | DQ92: 1 | DR92: 1 | DT92: 3 | DW92: 2 | DX92: 3 | EA92: 6 | EJ92: 3 | EK92: 1 | EL92: 2 | ER92: 1 | ES92: 4 | ET92: 4 | EU92: 3 | EV92: 3 | EW92: 2 | EX92: 2 | EY92: 3 | EZ92: 4 | FA92: 1 | FC92: 3 | FD92: 1 | FE92: 120 | FF92: 30 | FG92: 1 | FI92: 1 | FK92: 1 | FM92: 1 | FO92: 1 | FQ92: 2 | FR92: 1 | FU92: 1 | FX92: 4 | FY92: 5 | GE92: 3 | GJ92: 8 | GK92: 9 | HF92: 6 | HJ92: 1 | HK92: 4 | HL92: 3 | HM92: 1 | HN92: 1 | HX92: 1 | HY92: 2 | HZ92: 3 | IE92: 2 | IO92: 2 | IR92: 5 | IS92: 6 | IV92: 4 | IW92: 1 | IX92: 3 | IY92: 3 | IZ92: 3 | JA92: 2 | JB92: 2 | JC92: 4 | JD92: 3 | JE92: 2 | JF92: 3 | JG92: 4 | JH92: 1 | JI92: 6 | JJ92: 8 | JK92: 5 | JL92: 7 | JN92: 5 | JP92: 1 | JR92: 2 | JS92: 6 | JT92: 6 | JU92: 5
A93: rzqnwn2f | B93: i9yczsi7 | C93: 2023-10-12 12:03:26 | D93: 남 | E93: 29 | F93: 20대 | G93: 25~29세 | H93: 서울 | I93: 서울 | J93: 25~34세 | K93: 수도권 | L93: 남 20대 | M93: 남 25~29세 | N93: 남 25~34세 | O93: 1 | R93: 2 | S93: 3 | W93: 40 | X93: 4 | Z93: 1 | AA93: 2 | AB93: 3 | AJ93: 1 | AK93: 2 | AL93: 3 | AN93: 2 | AO93: 1 | AP93: 3 | AR93: 1 | AS93: 2 | AT93: 3 | AW93: 1 | AX93: 4 | AY93: 11 | AZ93: 5 | BA93: 13 | BD93: 3 | BE93: 6 | BF93: 8 | BH93: 1 | BI93: 3 | BJ93: 4 | BK93: 1 | BL93: 2 | BM93: 1 | BN93: 2 | BO93: 4 | BP93: 3 | BQ93: 2 | BR93: 1 | BU93: 2 | BV93: 3 | BW93: 1 | BX93: 4 | BY93: 2 | BZ93: 3 | CA93: 4 | CB93: 1 | CC93: 4 | CD93: 3 | CF93: 60 | CG93: 4 | CH93: 1 | CI93: 1 | CK93: 4 | CP93: 4 | CU93: 4 | CV93: 5 | CX93: 7 | DB93: 1 | DE93: 4 | DI93: 8 | DL93: 1 | DM93: 4 | DN93: 4 | DO93: 4 | DP93: 4 | DQ93: 1 | DR93: 4 | DT93: 1 | DV93: 1 | DW93: 2 | EE93: 10 | EJ93: 4 | EK93: 1 | EL93: 2 | EN93: 4 | EO93: 5 | ER93: 2 | ES93: 4 | ET93: 4 | EU93: 4 | EV93: 5 | EW93: 3 | EX93: 3 | EY93: 6 | EZ93: 2 | FA93: 7 | FC93: 2 | FD93: 1 | FE93: 50 | FF93: 60 | FG93: 3 | FI93: 1 | FK93: 1 | FM93: 2 | FO93: 3 | FQ93: 2 | FR93: 1 | FU93: 1 | FW93: 3 | FX93: 4 | FY93: 5 | GG93: 5 | GK93: 9 | GL93: 10 | GM93: 11 | GO93: 13 | GQ93: 15 | GR93: 16 | GU93: 19 | GW93: 21 | HC93: 3 | HD93: 4 | HE93: 5 | HG93: 7 | HJ93: 1 | HK93: 4 | HL93: 4 | HM93: 1 | HN93: 2 | HQ93: 3 | HR93: 4 | HS93: 5 | HZ93: 3 | IB93: 5 | IE93: 1 | IF93: 1 | IH93: 3 | IK93: 6 | IV93: 4 | IW93: 1 | IX93: 4 | IY93: 3 | IZ93: 4 | JA93: 5 | JB93: 4 | JC93: 5 | JD93: 5 | JE93: 4 | JF93: 3 | JG93: 5 | JH93: 1 | JI93: 6 | JJ93: 9 | JK93: 5 | JL93: 11 | JN93: 12 | JP93: 4 | JR93: 3 | JS93: 2 | JT93: 2 | JU93: 3
A94: 8j7stcgw | B94: 8b2gu2rt | C94: 2023-10-12 12:10:05 | D94: 여 | E94: 43 | F94: 40대 | G94: 40~44세 | H94: 부산 | I94: 5대광역시 | J94: 35~44세 | K94: 비수도권 | L94: 여 40대 | M94: 여 40~44세 | N94: 여 35~44세 | O94: 1 | P94: -1 | W94: 32 | X94: 4 | Z94: 1 | AJ94: 1 | AN94: 1 | AO94: 2 | AR94: 2 | AS94: 1 | AW94: 15 | AX94: 7 | BD94: 1 | BE94: 3 | BF94: 4 | BH94: 1 | BI94: 3 | BJ94: 3 | BK94: 3 | BL94: 4 | BM94: 3 | BN94: 3 | BO94: 1 | BU94: 1 | BY94: 2 | BZ94: 1 | CC94: 3 | CD94: 2 | CF94: 80 | CG94: 3 | CH94: 1 | CI94: 1 | CK94: 1 | CL94: 3 | CP94: 2 | CS94: 2 | CU94: 4 | DB94: 1 | DD94: 3 | DL94: 2 | DM94: 3 | DN94: 2 | DO94: 3 | DP94: 3 | DQ94: 1 | DR94: 3 | DT94: 1 | DY94: 4 | EF94: 11 | EJ94: 3 | EL94: 2 | EM94: 3 | ER94: 2 | ES94: 2 | ET94: 3 | EU94: 3 | EV94: 3 | EW94: 2 | EX94: 2 | EY94: 1 | FC94: 3 | FD94: 1 | FE94: 35 | FF94: 25 | FG94: 1 | FI94: 1 | FK94: 2 | FM94: 3 | FO94: 2 | FQ94: 2 | FR94: 1 | FV94: 2 | FX94: 4 | GD94: 2 | GO94: 13 | GQ94: 15 | GR94: 16 | HD94: 4 | HJ94: 1 | HK94: 3 | HL94: 4 | HM94: 2 | HN94: 1 | HW94: -1 | IV94: 3 | IW94: 1 | IX94: 2 | IY94: 3 | IZ94: 2 | JA94: 3 | JB94: 2 | JC94: 2 | JD94: 3 | JE94: 2 | JF94: 2 | JG94: 3 | JH94: 1 | JI94: 6 | JJ94: 8 | JK94: 1 | JL94: 5 | JN94: 2 | JP94: 2 | JR94: 2 | JS94: 5 | JT94: 4 | JU94: 3
A95: 93tm3rk7 | B95: 2wan2x84 | C95: 2023-10-12 12:10:20 | D95: 여 | E95: 27 | F95: 20대 | G95: 25~29세 | H95: 경기 | I95: 서울 외 수도권 | J95: 25~34세 | K95: 수도권 | L95: 여 20대 | M95: 여 25~29세 | N95: 여 25~34세 | O95: 1 | S95: 3 | W95: 8 | X95: 6 | Z95: 1 | AJ95: 1 | AN95: 2 | AO95: 1 | AP95: 3 | AR95: 2 | AS95: 3 | AT95: 1 | AW95: 8 | AX95: 2 | AY95: 9 | BD95: 4 | BE95: 5 | BF95: 7 | BH95: 1 | BI95: 3 | BJ95: 4 | BK95: 4 | BL95: 5 | BM95: 4 | BN95: 2 | BO95: 4 | BP95: 1 | BQ95: 2 | BU95: 2 | BV95: 3 | BW95: 1 | BY95: 1 | BZ95: 3 | CA95: 2 | CC95: 4 | CD95: 4 | CE95: 1 | CF95: 50 | CG95: 4 | CH95: 1 | CI95: 1 | CK95: 1 | CL95: 4 | CP95: 4 | CT95: 3 | CU95: 4 | CV95: 5 | CX95: 7 | DD95: 3 | DF95: 5 | DH95: 7 | DL95: 2 | DM95: 3 | DN95: 4 | DO95: 3 | DP95: 4 | DQ95: 1 | DR95: 2 | DT95: 2 | EC95: 8 | EJ95: 1 | EK95: 1 | EL95: 2 | EN95: 4 | ER95: 2 | ES95: 4 | ET95: 4 | EU95: 3 | EV95: 3 | EW95: 2 | EX95: 3 | EY95: 1 | EZ95: 3 | FA95: 4 | FC95: 3 | FD95: 1 | FE95: 40 | FF95: 30 | FG95: 1 | FI95: 1 | FK95: 2 | FM95: 2 | FO95: 2 | FQ95: 2 | FR95: 1 | FV95: 2 | FW95: 3 | GC95: 1 | GJ95: 8 | GK95: 9 | GR95: 16 | GU95: 19 | HA95: 1 | HB95: 2 | HC95: 3 | HD95: 4 | HE95: 5 | HJ95: 1 | HK95: 4 | HL95: 4 | HM95: 2 | HN95: 1 | HW95: -1 | IV95: 3 | IW95: 1 | IX95: 2 | IY95: 4 | IZ95: 4 | JA95: 4 | JB95: 3 | JC95: 3 | JD95: 4 | JE95: 4 | JF95: 4 | JG95: 4 | JH95: 1 | JI95: 6 | JJ95: 11 | JK95: 3 | JL95: 11 | JN95: 13 | JO95: 문화예술 | JP95: 4 | JR95: 3 | JS95: 2 | JT95: 2 | JU95: 5
A96: 69g5ykps | B96: r1cwyru1 | C96: 2023-10-12 11:59:03 | D96: 남 | E96: 27 | F96: 20대 | G96: 25~29세 | H96: 서울 | I96: 서울 | J96: 25~34세 | K96: 수도권 | L96: 남 20대 | M96: 남 25~29세 | N96: 남 25~34세 | O96: 1 | S96: 3 | W96: 45 | X96: 6 | Z96: 1 | AJ96: 1 | AN96: 1 | AO96: 2 | AR96: 1 | AS96: 2 | AW96: 9 | AX96: 16 | AY96: 5 | AZ96: 6 | BA96: 11 | BD96: 8 | BE96: 5 | BF96: 10 | BH96: 1 | BI96: 3 | BJ96: 4 | BK96: 4 | BL96: 3 | BM96: 4 | BN96: 2 | BO96: 1 | BP96: 2 | BQ96: 4 | BR96: 3 | BU96: 2 | BY96: 2 | CC96: 4 | CD96: 4 | CE96: 2 | CF96: 60 | CG96: 4 | CH96: 1 | CI96: 2 | CK96: 1 | CL96: 4 | CP96: 4 | CR96: 1 | CS96: 2 | CV96: 5 | CX96: 7 | DF96: 5 | DG96: 6 | DI96: 8 | DL96: 2 | DM96: 4 | DN96: 3 | DO96: 4 | DP96: 3 | DQ96: 1 | DR96: 4 | DT96: 1 | DZ96: 5 | EB96: 7 | EJ96: 4 | EK96: 1 | EL96: 2 | EM96: 3 | ER96: 3 | ES96: 4 | ET96: 3 | EU96: 4 | EV96: 2 | EW96: 2 | EX96: 3 | EY96: 6 | EZ96: 4 | FA96: 5 | FC96: 4 | FD96: 1 | FE96: 60 | FF96: 30 | FG96: 1 | FI96: 1 | FK96: 2 | FM96: 2 | FO96: 1 | FQ96: 1 | FR96: 2 | FV96: 2 | FY96: 5 | GM96: 11 | GO96: 13 | GR96: 16 | GS96: 17 | GT96: 18 | HC96: 3 | HD96: 4 | HJ96: 1 | HK96: 4 | HL96: 3 | HM96: 2 | HN96: 1 | HX96: 1 | HZ96: 3 | IB96: 5 | IE96: 1 | IF96: 1 | IG96: 2 | II96: 4 | IV96: 4 | IW96: 1 | IX96: 3 | IY96: 3 | IZ96: 4 | JA96: 4 | JB96: 4 | JC96: 4 | JD96: 4 | JE96: 4 | JF96: 4 | JG96: 2 | JH96: 1 | JI96: 6 | JJ96: 9 | JK96: 2 | JL96: 8 | JN96: 5 | JP96: 2 | JR96: 3 | JS96: 2 | JT96: 2 | JU96: 5
A97: fwif6bli | B97: cg2vcwy1 | C97: 2023-10-12 12:32:28 | D97: 남 | E97: 35 | F97: 30대 | G97: 35~39세 | H97: 광주 | I97: 5대광역시 | J97: 35~44세 | K97: 비수도권 | L97: 남 30대 | M97: 남 35~39세 | N97: 남 35~44세 | O97: 1 | P97: -1 | W97: 40 | X97: 6 | Z97: 1 | AJ97: 1 | AN97: 1 | AR97: 1 | AW97: 10 | AX97: 2 | AY97: 1 | AZ97: 9 | BA97: 13 | BD97: 1 | BE97: 10 | BF97: 2 | BH97: 1 | BI97: 1 | BJ97: 2 | BK97: 4 | BL97: 2 | BM97: 2 | BN97: 3 | BO97: 3 | BP97: 1 | BQ97: 4 | BR97: 2 | BU97: 2 | BY97: 2 | CC97: 1 | CD97: 1 | CF97: 50 | CG97: 3 | CH97: 1 | CI97: 1 | CK97: 1 | CL97: 4 | CM97: 5 | CN97: 3 | CO97: 2 | CP97: 2 | CR97: 1 | CU97: 4 | CV97: 5 | DB97: 1 | DE97: 4 | DF97: 5 | DL97: 1 | DM97: 3 | DN97: 3 | DO97: 2 | DP97: 2 | DQ97: 1 | DR97: 2 | DT97: 1 | DZ97: 5 | EC97: 8 | EJ97: 3 | EK97: 1 | EN97: 4 | ER97: 2 | ES97: 3 | ET97: 3 | EU97: 2 | EV97: 2 | EW97: 1 | EX97: 1 | EY97: 7 | EZ97: 1 | FA97: 5 | FC97: 3 | FD97: 1 | FE97: 15 | FF97: 15 | FG97: 1 | FI97: 1 | FK97: 2 | FM97: 2 | FO97: 2 | FQ97: 1 | FR97: 2 | FT97: -1 | GN97: 12 | GO97: 13 | GV97: 20 | GZ97: -1 | HJ97: 1 | HK97: 3 | HL97: 3 | HM97: 1 | HN97: 1 | HW97: -1 | IV97: 2 | IW97: 1 | IX97: 2 | IY97: 2 | IZ97: 2 | JA97: 4 | JB97: 3 | JC97: 2 | JD97: 4 | JE97: 3 | JF97: 4 | JG97: 3 | JH97: 1 | JI97: 6 | JJ97: 5 | JK97: 4 | JL97: 3 | JN97: 10 | JP97: 2 | JR97: 2 | JS97: 4 | JT97: 3 | JU97: 5
A98: ch5a6i09 | B98: qjlldlb8 | C98: 2023-10-12 12:13:09 | D98: 남 | E98: 59 | F98: 50대 | G98: 55~59세 | H98: 대구 | I98: 5대광역시 | J98: 55~64세 | K98: 비수도권 | L98: 남 50대 | M98: 남 55~59세 | N98: 남 55~64세 | O98: 1 | P98: -1 | W98: 40 | X98: 6 | Z98: 1 | AJ98: 1 | AN98: 1 | AO98: 2 | AP98: 4 | AR98: 1 | AS98: 2 | AT98: 4 | AW98: 1 | AX98: 10 | AY98: 2 | AZ98: 4 | BA98: 9 | BD98: 5 | BE98: 4 | BF98: 9 | BH98: 1 | BI98: 1 | BJ98: 4 | BK98: 4 | BL98: 3 | BM98: 4 | BN98: 4 | BO98: 3 | BP98: 2 | BQ98: 1 | BR98: 4 | BU98: 2 | BY98: 2 | CC98: 4 | CD98: 1 | CF98: 4 | CG98: 4 | CH98: 1 | CI98: 4 | CK98: 2 | CL98: 3 | CM98: 5 | CN98: 1 | CP98: 4 | CR98: 1 | CT98: 3 | CU98: 4 | DD98: 3 | DE98: 4 | DI98: 8 | DL98: 2 | DM98: 5 | DN98: 5 | DO98: 5 | DP98: 4 | DQ98: 1 | DR98: 1 | DT98: 1 | DW98: 2 | ED98: 9 | EJ98: 3 | EK98: 1 | EL98: 2 | EN98: 4 | EO98: 5 | ER98: 2 | ES98: 3 | ET98: 3 | EU98: 3 | EV98: 4 | EW98: 1 | EX98: 2 | EY98: 9 | EZ98: 6 | FA98: 5 | FC98: 3 | FD98: 1 | FE98: 50 | FF98: 30 | FG98: 1 | FI98: 1 | FK98: 1 | FM98: 2 | FO98: 2 | FQ98: 1 | FR98: 1 | FU98: 1 | FX98: 4 | FY98: 5 | GK98: 9 | GN98: 12 | GU98: 19 | HC98: 3 | HE98: 5 | HJ98: 1 | HK98: 4 | HL98: 4 | HM98: 1 | HN98: 1 | HX98: 1 | HZ98: 3 | IE98: 1 | IF98: 1 | IG98: 2 | IH98: 3 | IV98: 3 | IW98: 1 | IX98: 3 | IY98: 4 | IZ98: 4 | JA98: 4 | JB98: 3 | JC98: 3 | JD98: 3 | JE98: 3 | JF98: 3 | JG98: 4 | JH98: 1 | JI98: 6 | JJ98: 6 | JK98: 2 | JL98: 11 | JN98: 11 | JP98: 4 | JR98: 2 | JS98: 6 | JT98: 6 | JU98: 5
A99: ikrzws4l | B99: n2te0tjt | C99: 2023-10-13 15:02:07 | D99: 남 | E99: 27 | F99: 20대 | G99: 25~29세 | H99: 서울 | I99: 서울 | J99: 25~34세 | K99: 수도권 | L99: 남 20대 | M99: 남 25~29세 | N99: 남 25~34세 | O99: 1 | Q99: 1 | R99: 2 | S99: 3 | W99: 40 | X99: 4 | Z99: 1 | AA99: 2 | AJ99: 1 | AK99: 2 | AN99: 1 | AO99: 4 | AR99: 4 | AS99: 3 | AT99: 5 | AW99: 9 | AX99: 8 | AY99: 5 | BD99: 6 | BE99: 9 | BF99: 2 | BH99: 1 | BI99: 4 | BJ99: 2 | BK99: 4 | BL99: 2 | BM99: 3 | BN99: 3 | BO99: 3 | BP99: 4 | BQ99: 1 | BR99: 2 | BU99: 1 | BY99: 2 | CC99: 3 | CD99: 4 | CF99: 80 | CG99: 4 | CH99: 1 | CI99: 1 | CK99: 2 | CL99: 3 | CM99: 1 | CN99: 4 | CO99: 5 | CP99: 4 | CQ99: -1 | DC99: 2 | DL99: 3 | DM99: 4 | DN99: 4 | DO99: 4 | DP99: 4 | DQ99: 1 | DR99: 2 | DT99: 2 | DZ99: 5 | EA99: 6 | EC99: 8 | EE99: 10 | EJ99: 4 | EK99: 1 | EL99: 2 | EN99: 4 | ER99: 3 | ES99: 4 | ET99: 5 | EU99: 5 | EV99: 4 | EW99: 1 | EX99: 2 | EY99: 9 | EZ99: 4 | FA99: 1 | FC99: 4 | FD99: 1 | FE99: 60 | FF99: 60 | FG99: 1 | FI99: 2 | FK99: 3 | FM99: 3 | FO99: 1 | FQ99: 2 | FR99: 1 | FU99: 1 | FV99: 2 | FW99: 3 | FX99: 4 | FY99: 5 | GE99: 3 | GJ99: 8 | GK99: 9 | GP99: 14 | GQ99: 15 | HA99: 1 | HB99: 2 | HE99: 5 | HF99: 6 | HJ99: 1 | HK99: 4 | HL99: 4 | HM99: 2 | HN99: 1 | HX99: 1 | IE99: 1 | IH99: 3 | IV99: 4 | IW99: 1 | IX99: 4 | IY99: 4 | IZ99: 5 | JA99: 4 | JB99: 4 | JC99: 4 | JD99: 4 | JE99: 5 | JF99: 4 | JG99: 5 | JH99: 1 | JI99: 6 | JJ99: 9 | JK99: 5 | JL99: 11 | JN99: 1 | JP99: 1 | JR99: 3 | JS99: 2 | JT99: 2 | JU99: 3
A100: 6pgbbtrf | B100: cylyvj1b | C100: 2023-10-12 12:13:44 | D100: 남 | E100: 28 | F100: 20대 | G100: 25~29세 | H100: 서울 | I100: 서울 | J100: 25~34세 | K100: 수도권 | L100: 남 20대 | M100: 남 25~29세 | N100: 남 25~34세 | O100: 1 | Q100: 1 | R100: 2 | S100: 3 | T100: 4 | W100: 40 | X100: 6 | Z100: 1 | AA100: 2 | AJ100: 1 | AK100: 2 | AN100: 1 | AO100: 2 | AP100: 3 | AR100: 3 | AS100: 2 | AT100: 1 | AW100: 9 | AX100: 3 | AY100: 10 | AZ100: 11 | BA100: 13 | BD100: 8 | BE100: 2 | BF100: 7 | BH100: 1 | BI100: 4 | BJ100: 5 | BK100: 1 | BL100: 5 | BM100: 5 | BN100: 5 | BO100: 3 | BP100: 4 | BQ100: 2 | BR100: 1 | BU100: 4 | BV100: 3 | BW100: 2 | BX100: 1 | BY100: 3 | BZ100: 2 | CA100: 1 | CB100: 4 | CC100: 5 | CD100: 4 | CE100: 1 | CF100: 50 | CG100: 4 | CH100: 1 | CI100: 1 | CK100: 2 | CL100: 4 | CM100: 1 | CP100: 4 | CR100: 1 | CS100: 2 | CT100: 3 | DB100: 1 | DF100: 5 | DI100: 8 | DL100: 2 | DM100: 4 | DN100: 4 | DO100: 5 | DP100: 4 | DQ100: 1 | DR100: 1 | DT100: 1 | DW100: 2 | DY100: 4 | DZ100: 5 | EF100: 11 | EG100: 12 | EJ100: 4 | EK100: 1 | EL100: 2 | EM100: 3 | EN100: 4 | EO100: 5 | ER100: 2 | ES100: 4 | ET100: 4 | EU100: 5 | EV100: 4 | EW100: 3 | EX100: 4 | EY100: 7 | EZ100: 6 | FA100: 2 | FC100: 4 | FD100: 1 | FE100: 30 | FF100: 30 | FG100: 1 | FI100: 1 | FK100: 2 | FM100: 2 | FO100: 1 | FQ100: 2 | FR100: 2 | FU100: 1 | FX100: 4 | FY100: 5 | GD100: 2 | GE100: 3 | GG100: 5 | GN100: 12 | GO100: 13 | HA100: 1 | HC100: 3 | HD100: 4 | HE100: 5 | HF100: 6 | HJ100: 1 | HK100: 5 | HL100: 4 | HM100: 2 | HN100: 2 | HP100: 2 | HQ100: 3 | HS100: 5 | HX100: 1 | HY100: 2 | HZ100: 3 | IE100: 1 | IG100: 2 | II100: 4 | IJ100: 5 | IV100: 5 | IW100: 1 | IX100: 5 | IY100: 4 | IZ100: 5 | JA100: 3 | JB100: 4 | JC100: 5 | JD100: 4 | JE100: 4 | JF100: 4 | JG100: 4 | JH100: 1 | JI100: 7 | JJ100: 9 | JK100: 5 | JL100: 1 | JN100: 4 | JP100: 1 | JR100: 2 | JS100: 3 | JT100: 3 | JU100: 5
...
